Brightness,Contrast,Mean,Variance,Skewness,Kurtosis,Entropy,Energy,Absolute Moment k=1,Absolute Moment k=2,ASM,Contrast (GLCM),IDF,Entropy (GLCM),Correlation (GLCM),Variance (GLCM),Sum Average,Sum Variance,Sum Entropy,Difference Average,Difference Variance,Difference Entropy,Information Measure I,Information Measure II,Maximal Correlation Coefficient,Short-run Emphasis,Long-run Emphasis,Gray-level Nonuniformity,Difference of Entropy,Second Largest Eigenvalue,Image,Class
187.460944,42.21693530597483,187.460944,1782.2696266288642,-1.1937896297764006,-0.0038789044135052464,6.58083335637527,0.013577590784,187.460944,115.351376,0.003092123198135096,90.83109949839519,0.49289300920351586,6.652952322938583,1283637.940428356,4.6949224991952454e-08,374.82464798954857,73833.21222238352,4.554498753183851,4.9961637857277507e-05,3.810458468087732e-05,4.321836370565924,1.0,0.0,0.011677231012403026,1.0,0.0,1.187015556403015e-05,4.321836370565924,0.021289896332473066,IMG_20241029_173343_jpg.rf.e46d8ac0818be08dfc0824d7ee893044.jpg,Ajwain
182.927552,42.14492632912408,182.927552,1776.194815287296,-1.189301951200304,0.05787097352089843,6.64097176716233,0.012965044736,182.927552,117.601728,0.003135001627643905,78.9942581571265,0.5146115101740873,6.58618775618422,1227288.8334828708,4.760349790315865e-08,365.7983742197707,70476.86290543707,4.595987325633133,4.303819704331886e-05,3.57191927983276e-05,4.409141748866762,1.0,0.0,0.010919178722923823,1.0,0.0,1.2046967366340145e-05,4.409141748866762,0.0197015336772697,IMG_20241029_173351_jpg.rf.93e6b4a0a6d4e819be16e091a8c6fcdc.jpg,Ajwain
196.33608,44.1378190017767,196.33608,1948.1470662336,-0.8944945418943373,-0.7192599305269485,6.710239896756436,0.01206936576,196.33608,104.638768,0.002670594652339364,99.42058999048405,0.4748852294700616,6.820713906975233,1287749.9274661222,4.051720982783301e-08,392.46325059273244,80933.08543410595,4.646224626172188,5.6471867483740184e-05,3.2104520119614495e-05,4.408038850752817,1.0,0.0,0.011209496621022242,1.0,0.0,1.0246997434208003e-05,4.408038850752817,0.01745511895536693,IMG_20241029_173407_jpg.rf.ba1f8a8b83ebfdd9127a6702d5036336.jpg,Ajwain
168.588592,47.05988227203226,168.588592,2214.632519457536,-0.8462024432655886,-0.5498922100151384,6.995896963149926,0.009972511232,168.588592,118.5476,0.0026070634031037853,67.18923888324382,0.494717032262506,7.05570882600698,836407.7196908663,3.95477998968702e-08,336.7600845147659,61146.664731214005,4.8480428998352805,5.663675818988807e-05,2.3759846292975362e-05,4.562478176067645,1.0,0.0,0.017015854582990597,1.0,0.0,1.0031424874016834e-05,4.562478176067645,0.014867880465949827,IMG_20241029_173418_jpg.rf.7c82a03481ee9c0f5d6adbef33230508.jpg,Ajwain
161.853072,59.99978956765445,161.853072,3599.974748162816,-0.5705171766994972,-1.268438109776322,7.0741295649245215,0.009058814464,161.853072,107.080432,0.0022562313280590765,44.33123659295818,0.5047073622818783,7.025633078922712,473624.9646671744,3.4194527267403816e-08,322.9475169755326,59363.27754391055,4.9038798826031496,4.085031886771482e-05,2.0115034270429993e-05,4.609612044071697,1.0,0.0,0.011741746100869341,1.0,0.0,8.67522462783651e-06,4.609612044071697,0.016037880610476316,IMG_20241029_173427_jpg.rf.f7e6774c840179b59524589c811cd10b.jpg,Ajwain
170.882176,56.40710967160988,170.882176,3181.762021505025,-1.1105023371008627,-0.34185559806954524,6.722149730356036,0.013106770944,170.882176,116.965088,0.0038891781316395682,42.54507185367978,0.5615163803025826,6.548006142014034,597112.4655915938,5.911131809352215e-08,341.2540281608361,64617.88714698151,4.659244353805391,3.297149638022471e-05,3.6020261065037756e-05,4.506839979495829,1.0,0.0,0.022354478153578168,1.0,0.0,1.4991793287156368e-05,4.506839979495829,0.021785504159440583,IMG_20241029_173433_jpg.rf.b48d28f9d0393852b7b8a36b13e86174.jpg,Ajwain
177.025008,54.90101054261147,177.025008,3014.120958599936,-1.449097295834633,0.44352523778615627,6.4064820234653475,0.01622036992,177.025008,116.492304,0.0028716188648254793,58.713149787906644,0.4452582781064264,6.669714506551158,675908.354321384,4.358459588261382e-08,353.69323075434266,68614.23773810099,4.439854478849002,4.3664535621149254e-05,4.813046687535756e-05,3.995475615453262,1.0,0.0,0.009774035902646732,1.0,0.0,1.0969646909717273e-05,3.995475615453262,0.020197976424287854,IMG_20241029_173447_jpg.rf.4e0cd32a88451815ab7aaa8f09f8542a.jpg,Ajwain
169.433392,58.3303417045909,169.433392,3402.428763374336,-0.6898505745947746,-1.2532222715431618,6.769253559611177,0.01205044224,169.433392,119.59352,0.002653407381589822,160.00856437799388,0.45075570039044827,6.969971499254827,548662.3256688186,4.025495288890566e-08,338.36584893792036,64083.5537975194,4.687301369001936,6.722347984117695e-05,3.200436319832375e-05,4.505201997002918,1.0,0.0,0.011548200835470396,1.0,0.0,1.0180250895816398e-05,4.505201997002918,0.01995973158403843,IMG_20241029_173456_jpg.rf.320ae8aaa6b9992f12cf2330cd775d1b.jpg,Ajwain
194.429728,39.51946120389316,194.429728,1561.7878138460162,-1.4124419492117133,0.8795732046664004,6.534004553059377,0.015858354176,194.429728,116.535936,0.004349420829205973,86.0246125062499,0.5473912413607673,6.393309747942871,1579088.8825213197,6.61340643332439e-08,388.86517959387754,78746.00696762957,4.522691500429609,4.162875066405179e-05,4.705533571441559e-05,4.378677566496923,1.0,0.0,0.02177384235738133,1.0,0.0,1.6746510564176e-05,4.378677566496923,0.02509829979793064,IMG_20241029_173523_jpg.rf.a9802463582ce9c54d5d685ce092248e.jpg,Ajwain
196.097072,45.257513862637396,196.097072,2048.242561026816,-0.6081537572271418,-1.0926898378207006,6.9032555654986885,0.010252821504000002,196.097072,104.771024,0.002034063676917273,137.99867744068644,0.43104380952635574,7.155291852273436,1222767.7835490357,3.080451794211996e-08,391.83858324865724,80883.28230189832,4.781628705669877,7.181408632144038e-05,2.4870254509226862e-05,4.550638653859911,1.0,0.0,0.009967581168045676,1.0,0.0,7.78880716150604e-06,4.550638653859911,0.014323437494798252,IMG_20241029_173535_jpg.rf.e6241a29a1e0a36cc20af13fb579453f.jpg,Ajwain
175.290592,38.766819682423474,175.290592,1502.8663082895362,-1.9374562158375068,3.284189910810892,6.5505266506600925,0.014664471040000002,175.290592,113.85584,0.002534217678062878,80.76272963339301,0.44192707917372603,6.789266556212605,1332844.3804009163,3.8436262344366113e-08,350.4886050224996,64441.211915936816,4.536585218153379,5.154237368651312e-05,4.223897711550369e-05,4.143230106315078,1.0,0.0,0.008677279398719375,1.0,0.0,9.67468715580029e-06,4.143230106315078,0.020233288953585924,IMG_20241029_173554_jpg.rf.479ef641612b9e887c27048208685026.jpg,Ajwain
170.544736,56.35194206671412,170.544736,3175.5413746903046,-1.1551159007519811,-0.3398037788138222,6.600621036466892,0.013587719168,170.544736,115.333152,0.002629039281087437,57.540555797487144,0.45404575850978196,6.806878954730637,595470.8209544678,3.988312518348596e-08,340.64747342784796,64405.92132384963,4.575197216950862,4.6030101990542495e-05,3.7782920857161356e-05,4.119948787239887,1.0,0.0,0.008854695892001743,1.0,0.0,1.006249051237412e-05,4.119948787239887,0.019184807328464337,IMG_20241029_173605_jpg.rf.5f5e2a33aef4e732da8e4b896eaedaf5.jpg,Ajwain
145.10152,66.49318940831158,145.10152,4421.3442376896,-0.5475320306954723,-1.254712636553017,7.335170785045697,0.00804990464,145.10152,116.775312,0.001654472904189752,205.42612215932004,0.46353419883687674,7.358944061227784,311307.7925947392,2.5012422410999333e-08,290.07056337801004,50927.09467589234,5.081103829894708,6.390450064250476e-05,1.6302929582551065e-05,5.091113765632181,1.0,2.2204460492503128e-16,0.008709536942952532,1.0000000000000002,0.0,6.339496818533989e-06,5.091113765632181,0.014160371154699793,IMG_20241029_172501_jpg.rf.9cd55b04a2bcbfddd1f299a509b78645.jpg,Almond
164.86184,53.988812765372046,164.86184,2914.7919038143996,-1.081786848023268,0.03400692701894226,7.178537270172404,0.009359178752,164.86184,111.637456,0.0022745283444877097,247.2873663328011,0.470733944403799,7.343816571789181,607477.759700077,3.447371758156142e-08,329.4760084514766,60132.769116627176,4.975577116885537,8.554579056058571e-05,2.130668458173846e-05,4.860033760614739,1.0,0.0,0.012483669618231963,1.0,0.0,8.74204246423231e-06,4.860033760614739,0.016210663370119314,IMG_20241029_172510_jpg.rf.d9328646900cf7c34fa6164d3cd93a6a.jpg,Almond
149.747312,58.65067137531041,149.747312,3439.901252774656,-0.6996596545687438,-1.2042637886268601,6.894287074549364,0.010327234559999999,149.747312,111.83256,0.0020753708771945522,227.7775842325124,0.43512612683168617,7.100727750895778,423747.53472273186,3.143481579791339e-08,299.1125304430573,51652.65515072334,4.774010092991979,8.062810982887373e-05,2.5265313630526006e-05,4.413637303524992,1.0,0.0,0.010548216964242511,1.0,0.0,7.948620212896587e-06,4.413637303524992,0.01446597722279947,IMG_20241029_172601_jpg.rf.cd5caa1be76fcd31274667e8738b9018.jpg,Almond
160.062464,55.95126881714751,160.062464,3130.5444822487034,-0.7705900578735703,-0.6927541414922009,7.169036762950434,0.010544200704,160.062464,116.437152,0.0026905846422512424,317.94224286705054,0.42712875429256597,7.539119942365533,532969.006858149,4.0822232867259863e-08,319.6794083966388,57380.61290946924,4.966701727901819,0.00011809201658226783,2.615487341686756e-05,4.7456973161806175,1.0,0.0,0.01448363736068773,1.0,0.0,1.0348324139733886e-05,4.7456973161806175,0.021910050130568508,IMG_20241029_172614_jpg.rf.57f49779b3bb56df597f9c5d1f905a67.jpg,Almond
161.299456,62.0845644432178,161.299456,3854.493142104064,-0.4630769154082877,-1.343605957349321,7.3007540497282495,0.007826466304,161.299456,115.583456,0.001652368913788325,203.1126594732343,0.41471883590977937,7.598953687557664,439882.00004860765,2.4980318065274428e-08,322.09409525652813,59600.53315269111,5.063373888746095,9.907765710810109e-05,1.5118136327620887e-05,4.066974274417944,1.0,0.0,0.00887082466411832,1.0,0.0,6.335906204680485e-06,4.066974274417944,0.014224022694985659,IMG_20241029_172636_jpg.rf.9d562e62a179fe5b01a026a2ecabb984.jpg,Almond
206.015648,49.878479318640984,206.015648,2487.862699140096,-0.7720972534746224,-1.067366846359329,6.32785314889382,0.026025828864000008,206.015648,84.016928,0.017165617701935316,141.45467008596634,0.4973462186988483,6.476436170055467,1109706.4773407897,2.6169370899769307e-07,411.73089143723485,89766.90864663472,4.384061153829754,6.333895013097067e-05,8.730063931538027e-05,3.9584715220526747,1.0,0.0,0.12311091756584572,1.0,0.0,6.665257138108373e-05,3.9584715220526747,0.01870780406375982,IMG_20241029_172655_jpg.rf.3bf8f69a21a9f1aadff58d424ee50dad.jpg,Almond
154.739632,60.42230661357257,154.739632,3650.8551365045755,-0.7421721862545647,-1.1829508996743476,6.819887900833399,0.010921843712000001,154.739632,113.162384,0.002246265988754195,228.58868405348304,0.450461315391771,7.027973994468126,426246.10629278957,3.4042468257014405e-08,309.059773229464,55101.98769374683,4.7276703290092605,7.729165713746048e-05,2.7428074736264854e-05,4.246833519498792,1.0,0.0,0.012306253124949597,1.0,0.0,8.607730956857153e-06,4.246833519498792,0.01591015552126752,IMG_20241029_172714_jpg.rf.9a83fe7bbc81cde27d2124f23807d5a6.jpg,Almond
158.605616,55.94502928107683,158.605616,3129.846301260544,-0.9348812484789844,-0.7111065627659858,6.916904269503733,0.010270876160000001,158.605616,113.361168,0.0021969564451622906,162.97212948178253,0.46847838198243236,6.977814173865734,522793.8361138099,3.329006433257737e-08,316.9690004999919,56531.95666198932,4.795197471184659,6.405905491632696e-05,2.482264328819123e-05,4.127794320980388,1.0,0.0,0.008822438347768585,1.0,0.0,8.425293018795308e-06,4.127794320980388,0.015623288457637365,IMG_20241029_172744_jpg.rf.f870fda09ee5d610015c74301d0d7b02.jpg,Almond
139.793328,62.59042628616949,139.793328,3917.5614626844163,-0.23251479383152165,-1.6736143526411926,7.064957224131927,0.008823407616,139.793328,113.838544,0.0013945234333245951,238.54653957194242,0.37716336263971306,7.477650970839838,324275.37514913664,2.1045908268159414e-08,278.9822099643554,46780.36041354168,4.897001208861848,0.00010156873729859194,1.923586168478478e-05,4.271081229530458,1.0,0.0,0.006677311656263609,1.0,0.0,5.312612431942618e-06,4.271081229530458,0.010207326284821993,IMG_20241029_172750_jpg.rf.96c74632533fe2942a88a63dc3abdbc3.jpg,Almond
153.504432,54.52106085135703,153.504432,2972.546076357376,-0.005266312859051104,-1.634660512179595,7.09124922264388,0.008525015552,153.504432,115.367472,0.0012352548978036987,241.27051176593926,0.36315087222187775,7.586742850864929,516223.9345869014,1.8615663280352763e-08,306.3506556345865,52882.6674247189,4.9156044641331125,9.871219039372852e-05,1.801790499002622e-05,4.218728232322789,1.0,0.0,0.008467605361203851,1.0,0.0,4.695227358403017e-06,4.218728232322789,0.0109255266576469,IMG_20241029_172759_jpg.rf.9102bbede02e7e83fec079dbd33312fe.jpg,Almond
158.447408,46.0175125151451,158.447408,2117.611458081536,-0.877315076628104,-0.6230547118116014,6.917795099676175,0.009888799232,158.447408,110.490608,0.0019360725611514945,131.5713778810019,0.46975632457699246,6.923999043396965,772789.8848969208,2.9309292176650917e-08,316.8738084869599,54462.082047063755,4.794642463116735,5.1351641899551006e-05,2.342387491831002e-05,3.9501320015335653,1.0,0.0,0.007274076224577023,1.0,0.0,7.411679285822987e-06,3.9501320015335653,0.014298634044288229,IMG_20241029_172805_jpg.rf.e5f7e67b981920e1c54ba9004f035191.jpg,Almond
165.09664,64.47639348405275,165.09664,4157.2053167103995,-0.4844025971686355,-1.553604115734649,6.609420470176913,0.012798835712,165.09664,115.717888,0.0029288126494023572,140.60858695827486,0.4892529672689063,6.760522838072782,426659.90062170307,4.445730377715847e-08,329.55553942678347,62644.61755455559,4.582633845118535,6.267741846212663e-05,3.463731839107171e-05,3.8974066459138865,1.0,-1.1102230246251565e-16,0.01672553668489218,0.9999999999999999,0.0,1.1245767741987444e-05,3.8974066459138865,0.017449948214054697,IMG_20241029_172836_jpg.rf.ba97223897ee19df23f360e912fbdbf9.jpg,Almond
163.735344,62.69373395485121,163.735344,3930.504277201664,-0.6896840236581554,-1.2648129768428453,6.7074444137836196,0.012514871808,163.735344,106.344304,0.003378837674492593,155.66671505298305,0.5034952217472277,6.778487697338473,446106.6765596462,5.132414070785663e-08,327.2330768858567,61406.37573587522,4.651112583094225,6.478777339528797e-05,3.347060264547316e-05,3.830945599729714,1.0,-1.1102230246251565e-16,0.01656424896372639,0.9999999999999999,0.0,1.3008235479627418e-05,3.830945599729714,0.016946178208915454,IMG_20241029_172843_jpg.rf.8ece0d8ac079514d775ffcdeb0673646.jpg,Almond
166.66624,50.20717108404337,166.66624,2520.7600282624003,-0.7751023670773111,-0.9400698886209335,6.770366386712006,0.012743324672,166.66624,120.480704,0.004514046111802313,159.37483266398928,0.5431616463177115,6.701293860178986,723201.6532247696,6.864604679473591e-08,333.26080224512503,60563.772116578744,4.697272547911501,6.39281267735349e-05,3.408358568449246e-05,3.778583741086509,1.0,0.0,0.027451170142417058,1.0,0.0,1.7440248972872344e-05,3.778583741086509,0.02303642906022479,IMG_20241029_172848_jpg.rf.c39569e45330c5b40aa1e79f671d2f94.jpg,Almond
146.529744,56.15914582055592,146.529744,3153.849659294464,-0.39714155162796694,-1.447823550333213,6.901930140366072,0.011381484544,146.529744,112.250288,0.003565723425267831,155.92601732230125,0.5081063350521968,6.917869216010361,443186.95536638633,5.417579095772294e-08,292.52862050612083,49113.59108724049,4.787025753332331,6.509023709358015e-05,2.8923012610538692e-05,3.87902149531195,1.0,0.0,0.027241496104901532,1.0,0.0,1.3756021967167155e-05,3.87902149531195,0.021630264099839647,IMG_20241029_172852_jpg.rf.ed8e53f9c4bd77720d8d15643ebe9cb3.jpg,Almond
161.25768,50.04047562741186,161.25768,2504.0492010176,-1.4138189228539584,1.1679444589398473,6.943667864922016,0.009984272896,161.25768,108.210416,0.0024932616631270837,56.6297317785197,0.5561625235814939,6.642806066832767,677015.7527759206,3.7811323151620235e-08,322.26228609215985,56953.10807890199,4.809983847381908,3.135433693231762e-05,2.3919487263802623e-05,4.837772604126534,1.0,0.0,0.011564329607586974,1.0,0.0,9.586263229690552e-06,4.837772604126534,0.01506910881982728,IMG_20241029_133602_jpg.rf.c28c36ef98acdf868a6cf5526d889062.jpg,Ashoka
215.950048,43.92304216237414,215.950048,1929.233632797696,-2.340932040713635,4.725713643258163,6.394463558544169,0.015857397760000003,215.950048,106.297504,0.003995581567088995,143.30891437234882,0.5585487579259347,6.255765318248555,1573047.5073129917,6.073490567057032e-08,431.9035822002871,97156.17112627214,4.426938751553127,4.7943326392921085e-05,4.704397706352695e-05,4.244771581045407,1.0,0.0,0.012709472427864067,1.0,0.0,1.5364370316261597e-05,4.244771581045407,0.021869554820121883,IMG_20241029_133609_jpg.rf.31f80111679615f3897b84abfc671c46.jpg,Ashoka
177.151632,43.202688802163415,177.151632,1866.4723197365759,-1.5279376174708286,1.2916804832449138,6.635659330854775,0.013296430080000001,177.151632,119.156272,0.004137516114428796,66.09545007338592,0.6024288039205123,6.294794026363943,1096185.658744368,6.290065498910976e-08,354.04848308898244,66422.28735020403,4.596120836485142,3.2458366346913756e-05,3.6965272772921e-05,4.714134440660922,1.0,-1.1102230246251565e-16,0.018709375655231366,0.9999999999999999,0.0,1.595817208044287e-05,4.714134440660922,0.022818206768798685,IMG_20241029_133640_jpg.rf.498f38728c3ee5dae1a0777bb9a1f1ae.jpg,Ashoka
179.924752,43.373082732709875,179.924752,1881.2243057384956,-1.7190924644090035,1.7014572506376489,6.294573362909844,0.020368890879999997,179.924752,117.220624,0.008191945679121708,82.41791261431266,0.6559051717046253,5.926310739352269,1119929.568330526,1.2476634048552258e-07,359.6085385719585,68442.90480798695,4.366259520203238,3.5035829578983605e-05,6.399949394020536e-05,3.571375243206828,1.0,-1.1102230246251565e-16,0.044515411041757394,0.9999999999999999,0.0,3.1690185141089854e-05,3.571375243206828,0.030742414811274738,IMG_20241029_133709_jpg.rf.700aaa24cfc9bde040bbdf09f8f88ede.jpg,Ashoka
207.404016,38.923764091769755,207.404016,1515.0594110717443,-1.7436971044397782,2.359851612238886,6.615364367204709,0.013894808576000001,207.404016,112.327248,0.0037708999491767436,119.79774519765809,0.5648187476101436,6.396273211905865,1849720.3855647007,5.730653625662603e-08,414.8379542265447,89093.8809374042,4.587514819214117,4.219725444196465e-05,3.899732911669866e-05,3.810333562213932,1.0,0.0,0.012951404009612748,1.0,0.0,1.451813996483416e-05,3.810333562213932,0.020898669356484052,IMG_20241029_133715_jpg.rf.1fb0db4fa9f970c836d3b0f6c70e38b3.jpg,Ashoka
219.09944,47.43785407969463,219.09944,2250.3499996864,-2.091172241102037,3.3784563172795483,6.213759495975529,0.026549169664,219.09944,91.57944,0.01663571700167952,173.61434492992046,0.5976772695824398,5.975198840283342,1388387.145001541,2.536080659884189e-07,438.1676263286076,100526.71548845986,4.3079954898219395,5.38481364117363e-05,8.899136098520916e-05,3.5712356254074167,1.0,0.0,0.11227238270350479,1.0,0.0,6.457604238918675e-05,3.5712356254074167,0.036088151268205686,IMG_20241029_133721_jpg.rf.28126b0a379283c48190dc7867957a8e.jpg,Ashoka
212.005264,46.903563918856996,212.005264,2199.9443082903035,-2.115936300544514,3.4697436703715967,6.511656870552283,0.015009843200000001,212.005264,109.104912,0.0037744877626802653,87.98817761003853,0.5513409213262837,6.362961190988067,1329271.7424841488,5.736128194607186e-08,423.96721020628706,94305.09574039135,4.515941800551851,4.39596161534945e-05,4.332164006391985e-05,3.7936789572734715,1.0,0.0,0.011032080127739876,1.0,0.0,1.4515263021694711e-05,3.7936789572734715,0.02085964562890445,IMG_20241029_133732_jpg.rf.3710c6a3e22f4582ba181add357d5ae9.jpg,Ashoka
212.219104,44.59701399687186,212.219104,1988.8936574371842,-2.161613201929965,3.936544538954122,6.551557712515274,0.014368728064,212.219104,108.467808,0.004504220726359446,46.025338300995145,0.6125841953905327,6.195657743437478,1473891.0959164025,6.849612331080546e-08,424.45433138175184,94086.15191690452,4.542564801802198,3.2346388330052134e-05,4.092168455777591e-05,3.844254920430322,1.0,0.0,0.016790051773358496,1.0,0.0,1.7375157237262387e-05,3.844254920430322,0.020209713172230404,IMG_20241029_133737_jpg.rf.2a419f65b90aeab1ba67183fa25aa4b6.jpg,Ashoka
163.402528,50.65515463611987,163.402528,2565.9446912092158,-1.3190304194456959,0.47200243835439837,6.765010919008178,0.012148226047999998,163.402528,111.776992,0.003745401812286648,31.186803438654216,0.5899253679688736,6.414455905794227,677661.6931240653,5.691746556433331e-08,326.56436186513116,58478.9444525088,4.693737821366433,2.5611464353271518e-05,3.1843722324788104e-05,3.635404269169022,1.0,0.0,0.01749971774648796,1.0,0.0,1.4446481644138125e-05,3.635404269169022,0.018696276050756317,IMG_20241029_133755_jpg.rf.e999a88d38c715ea03374256ac3774c3.jpg,Ashoka
206.574432,56.222043327127274,206.574432,3160.918155877376,-1.7725590015604014,1.6835611912229078,6.537058397187785,0.014585517055999999,206.574432,110.102272,0.0037093904869589557,251.0071773035919,0.5447653850339589,6.43683418595201,877760.5820664049,5.6367976347297e-08,413.0131126917308,91657.89329204368,4.528879367711179,6.497579802140289e-05,4.191602683159582e-05,3.9777126744871256,1.0,0.0,0.012838502604796697,1.0,0.0,1.4266467465097109e-05,3.9777126744871256,0.0193829759644013,IMG_20241029_133807_jpg.rf.239e558c70b6df42033da4b394212025.jpg,Ashoka
165.571984,46.215573330899446,165.571984,2135.879218303744,-1.3902271746387027,0.671529093619077,6.725089022148779,0.012522282495999999,165.571984,112.107408,0.0032792113357219457,119.40026773761713,0.5427839672497872,6.554769525461808,836803.2248797815,4.980396341948617e-08,331.23462524797986,59154.522120610956,4.655257868318066,4.1400364730760395e-05,3.3943745632543e-05,4.116929593210056,1.0,0.0,0.012644957339397751,1.0,0.0,1.2617221879011339e-05,4.116929593210056,0.01888571893743645,IMG_20241029_133815_jpg.rf.f5eb5c3c1acfe550bdd81720664bbdd0.jpg,Ashoka
161.900896,45.64540023263224,161.900896,2083.5025623971837,-1.1491361357373489,0.1196593046335277,6.681400526135308,0.014781576704000002,161.900896,116.966592,0.004587803357907341,59.858131320462576,0.5620225542683615,6.45939792687537,820269.2141501914,6.977149305488343e-08,323.6474895566201,56558.36699408076,4.636366831624116,3.412056310709706e-05,4.20588442361221e-05,3.550457798685131,1.0,0.0,0.023564136062321574,1.0,0.0,1.7697209861752803e-05,3.550457798685131,0.0293501404829078,IMG_20241029_133826_jpg.rf.ac55f6f94ff331d9726f3ba8db82356a.jpg,Ashoka
160.290944,40.142715299153146,160.290944,1611.437591588864,-0.9391878702099586,-0.18270247590288058,6.8576627661030605,0.01024085504,160.290944,111.5056,0.0022361528914686016,90.30851115304591,0.519640529072303,6.724009137616761,1042232.9805121085,3.3888154638764984e-08,320.48583087369553,54584.912340123505,4.7568120841508685,4.1478626289797744e-05,2.4514705771167308e-05,3.526172417284063,1.0,0.0,0.00848373413332043,1.0,0.0,8.579607018105211e-06,3.526172417284063,0.014094673267974483,IMG_20241029_133832_jpg.rf.85f98f1cd47edcec82938f8f0931f27c.jpg,Ashoka
146.266576,40.12868053196148,146.266576,1610.3110012362242,-0.8179080653163288,-0.2939734162085528,7.01403513509529,0.008836962304,146.266576,105.739056,0.0015739765414502817,88.42802535442976,0.4763610517403619,6.984330768470629,868783.0921606441,2.378414539165927e-08,292.4344123481879,45984.510475637464,4.86345267603139,4.40026846215182e-05,1.918215959298277e-05,3.6006642770895843,1.0,0.0,0.005645070240802567,1.0,0.0,6.0138109093546845e-06,3.6006642770895843,0.011163781629538053,IMG_20241029_133837_jpg.rf.e8d29940dbb563176f0a4c19549188b3.jpg,Ashoka
171.439376,34.83951441582709,171.439376,1213.7917647306238,-0.8579882159124963,-0.11682287654092427,6.648526834126306,0.014062509568,171.439376,106.562384,0.005296388720734194,22.756342639634845,0.6165956054406041,6.217001114314199,1585018.2803669889,8.058364763903341e-08,342.8512443347688,61203.69794035581,4.6117496550934325,2.3546885048981065e-05,3.938663270045681e-05,3.3689841260310454,1.0,0.0,0.033209141788035676,1.0,0.0,2.0475559761606397e-05,3.3689841260310454,0.02859521542413937,IMG_20241029_133850_jpg.rf.ca56adabdab61ca08f4fad3762c78023.jpg,Ashoka
160.498096,32.57237277778185,160.498096,1060.9594683747841,-1.2488236773113366,0.9470315134902143,6.662523951951382,0.012224066048000002,160.498096,109.275664,0.0026052830234911035,65.10178868082772,0.5191602477023434,6.535787636631145,1589145.8737739604,3.952063345990912e-08,321.2385284108321,53724.94988790504,4.615912111385457,3.280291409110337e-05,3.267791148249108e-05,3.9384331811066526,1.0,0.0,0.00783858324865728,1.0,0.0,9.989634074008253e-06,3.9384331811066526,0.01725221166600646,IMG_20241029_133856_jpg.rf.a51a840ef64be3f35db76f57f7a5b0b7.jpg,Ashoka
199.793376,34.59334633311187,199.793376,1196.6996105226242,-2.0854727640254116,3.5224963593170218,6.213222320473506,0.017990678016000003,199.793376,116.282528,0.004885455566759695,85.51047563748972,0.5755158638569414,6.091610864450936,2171837.3217261117,7.43133053237487e-08,399.6316349736295,82262.30939823555,4.306544030364745,3.837498943124405e-05,5.5188493536423115e-05,3.8001150659057767,1.0,-1.1102230246251565e-16,0.015838454218480347,0.9999999999999999,0.0,1.8808626110003013e-05,3.8001150659057767,0.023374887644101935,IMG_20241029_133914_jpg.rf.e1aacab4ebce14879fadc11805dedd45.jpg,Ashoka
178.975472,37.50359884567368,178.975472,1406.519926377216,-1.596800129828271,1.7431410830592249,6.605928206629944,0.013851368448,178.975472,116.4524,0.003500460181955509,66.52734633312366,0.5387221159015284,6.475973111901076,1486743.07948672,5.3179952894485614e-08,358.1050305640232,66946.0211932066,4.577505583235864,3.697587948430268e-05,3.903826415806545e-05,3.8862511641730393,1.0,0.0,0.013773971387558264,1.0,0.0,1.3461574721620874e-05,3.8862511641730393,0.021125467398749535,IMG_20241029_133921_jpg.rf.7c450cace9e6e9a5cfe8d3bad13ced74.jpg,Ashoka
170.981536,36.61166692573153,170.981536,1340.4141550807037,-1.2149991451005036,0.8211462641744864,6.676554484979075,0.013563777024,170.981536,109.83824,0.005174745922562658,19.9726617312624,0.6266606571728622,6.219600033091887,1424459.739360381,7.872752584076169e-08,341.8826309253076,61130.70868211798,4.632724090071054,2.2878708530784787e-05,3.7335452201219836e-05,3.433712164037255,1.0,0.0,0.03119304527346333,1.0,0.0,2.000840500507397e-05,3.433712164037255,0.025623663772379374,IMG_20241029_133929_jpg.rf.ad1e89fddd901d5fb820bc4cd7996db5.jpg,Ashoka
177.802944,35.88626724713597,177.802944,1287.824176932864,-1.861422704158723,2.655023104328369,6.149018971291309,0.02044299008,177.802944,122.19312,0.004666900702301252,85.69265011854648,0.5352014794078382,6.193518379918918,1601767.5022136339,7.097842274839404e-08,355.4039128401155,65740.00919340011,4.258171169251145,3.97824669662586e-05,6.512281756644028e-05,3.590403977015395,1.0,0.0,0.021354494282350284,1.0,0.0,1.791609021746997e-05,3.590403977015395,0.026714240351754116,IMG_20241029_133950_jpg.rf.bca49fdf5c84ed874d1a3827b39c8bd0.jpg,Ashoka
209.068032,33.99319290162335,209.068032,1155.537163646976,-2.0834028329961938,3.639549744406416,6.209711746199318,0.017705073151999998,209.068032,117.960928,0.004725998171566267,127.09414364284446,0.572787105185298,6.124949244517138,2462272.5364002213,7.188017856603648e-08,418.1744165416687,89762.09499846777,4.300564017560717,4.51500286096696e-05,5.421034887355015e-05,3.9012343441403736,1.0,0.0,0.013386880856760375,1.0,0.0,1.8189566537618032e-05,3.9012343441403736,0.022178101392062145,IMG_20241029_134002_jpg.rf.0ba3a2fdd860fbeb3a936988ea071f26.jpg,Ashoka
175.203376,31.94423838820741,175.203376,1020.434366202624,-1.6769650643009966,2.08706224802844,6.3541635638345255,0.015341419008000002,175.203376,113.580208,0.0035957739647327265,118.89692101740293,0.5469691478806917,6.273518622525624,1961879.745586718,5.463432580063212e-08,350.5285721198045,63487.36288124384,4.3988144316376365,4.01038807904812e-05,4.495061774150543e-05,3.9857987794379035,1.0,0.0,0.010644989596941984,1.0,0.0,1.3810799054409064e-05,3.9857987794379035,0.021783502175164903,IMG_20241029_134008_jpg.rf.c6da13b3c1248af10b5e5f167f459e30.jpg,Ashoka
146.211808,67.54956675931486,146.211808,4562.943969371135,-0.7269222454253518,-1.1013001268713254,7.286619194239673,0.008292198399999999,146.211808,112.869792,0.0008906047253182767,1081.7381009983708,0.30687068955200597,8.284217055174421,305823.8330821279,1.335671899804347e-08,292.2768665021532,51865.97064563478,5.0473075430898735,0.00022575408073685304,1.7298225015660065e-05,4.740928159697016,1.0,-1.1102230246251565e-16,0.005128949533072047,0.9999999999999999,0.0,3.351748872031705e-06,4.740928159697016,0.010138897100260466,IMG_20241029_173002_jpg.rf.3c2af02114e1bdb9d977e74812aea86b.jpg,Drum_Stick
151.377088,71.69880788855737,151.377088,5140.7190526402555,-0.5520427675566736,-1.3985746352759045,7.259868120586098,0.008159323648,151.377088,113.866112,0.0009384788313440256,1552.587313107853,0.31906420074928854,8.214181649491376,290843.5506212022,1.4087219883446129e-08,302.59937742939627,56099.55455557167,5.03152495939336,0.0002692064733897942,1.667034301982119e-05,4.565687992606254,1.0,0.0,0.00666118288414703,1.0,0.0,3.541209762741033e-06,4.565687992606254,0.00996333606152364,IMG_20241029_173009_jpg.rf.b6a64bd3b55a3170ab9c9e93275db825.jpg,Drum_Stick
154.026944,67.18360497934644,154.026944,4513.636778020865,-0.784073192236654,-1.0287487504965518,7.187072912542372,0.008695803904,154.026944,113.215104,0.0010429993930885166,1556.5394106546667,0.32959383304601236,8.112946453149826,343017.28015178966,1.5682077087799325e-08,307.9570329510814,56478.48289543714,4.981079660392938,0.0002668650253624941,1.875721923281878e-05,4.484164750676958,1.0,0.0,0.004854760407090208,1.0,0.0,3.941341346848429e-06,4.484164750676958,0.011481992338001595,IMG_20241029_173017_jpg.rf.dabc983a3eed7fbf483612d3b2b50999.jpg,Drum_Stick
152.654112,57.53035408800693,152.654112,3309.741641491456,-0.539130438856082,-1.1322010883551448,7.324757063323183,0.008159250432,152.654112,114.160544,0.0007289876703433636,822.7488266318285,0.23777716558972237,8.618902708300382,461401.4898464842,1.0890638447278805e-08,305.2393348494379,53202.46283124467,5.0786559175342925,0.00022806993378887033,1.653852657740982e-05,4.464682803173505,1.0,0.0,0.006048289543717037,1.0,0.0,2.7233998230603663e-06,4.464682803173505,0.01117655373715948,IMG_20241029_173050_jpg.rf.22031c190e2de15e5389ddd83ba04cf4.jpg,Drum_Stick
143.431248,60.96854212757999,143.431248,3717.163129162496,-0.5572732340586732,-1.1657060156985086,7.41044475993206,0.007387442688,143.431248,110.326288,0.0006479970467529151,894.2875437492943,0.23937251143004865,8.675640270110785,362340.2184071761,9.654819605871813e-09,286.7011499814519,48532.395638780035,5.139656378607015,0.00023418467182610966,1.3410680513684466e-05,4.464692361338998,1.0,2.2204460492503128e-16,0.00495153303978968,1.0000000000000002,0.0,2.4192483483466035e-06,4.464692361338998,0.010919536492498884,IMG_20241029_173058_jpg.rf.18cfad22b38d91716190a362d8cf3925.jpg,Drum_Stick
182.76056,71.1588013142886,182.76056,5063.575004486401,-0.8495178304854112,-1.0646616632085757,6.833387234109598,0.01108881664,182.76056,110.585776,0.0021141131237925434,690.435670392413,0.4478002984589327,7.104796650102936,428545.19538428285,3.20259755665595e-08,364.9974677827777,76798.26522152865,4.731974212586105,0.0001260163685930973,2.821794503550862e-05,4.4224225601467255,1.0,0.0,0.007919227109240173,1.0,0.0,8.088423397244275e-06,4.4224225601467255,0.014968372753971544,IMG_20241029_173112_jpg.rf.57e7818e87076344d7b7ebbf4308462a.jpg,Drum_Stick
172.78112,56.22215957739083,172.78112,3160.9312275455995,-0.78475977433147,-0.9585798787669941,6.988893348815839,0.010557565952000001,172.78112,117.91488,0.002276093850698861,653.3755262011903,0.4576609649809431,7.231714267546159,614249.7086621923,3.4497605310613406e-08,345.25088305027333,65957.87996967787,4.840467648871172,0.00012841934300328824,2.6134155920507067e-05,4.591719239793475,1.0,0.0,0.011838518733568813,1.0,0.0,8.729300412952553e-06,4.591719239793475,0.017272069351208844,IMG_20241029_173119_jpg.rf.ea920b70306e5516d6aa3548a5da93b3.jpg,Drum_Stick
154.314496,58.25894860247638,154.314496,3394.1050922659842,-0.6542587827330747,-1.0893044110761094,7.15122724990878,0.009263025663999998,154.314496,116.751456,0.002528654902253763,254.7786809890163,0.49485075728637873,7.344814024673774,456565.6884190797,3.835138112169286e-08,308.08017612619153,54268.71658521638,4.95409603380558,9.150917369591316e-05,2.107873521674086e-05,4.942223225115082,1.0,0.0,0.01696746826664086,1.0,0.0,9.73561475771298e-06,4.942223225115082,0.01813739021057336,IMG_20241029_173125_jpg.rf.bd8577a4870ffab983c9724d6c4268d4.jpg,Drum_Stick
156.180752,55.28946417460108,156.180752,3056.924848714496,-0.6869031429998683,-1.1975893697999436,6.843930297140513,0.010838595072000001,156.180752,116.44104,0.002015588206307708,603.7624393154949,0.44671581193592047,7.154063169507108,518694.2441230749,3.0522604633258184e-08,312.0234028483411,54829.838050999126,4.738886983857095,0.000123391160887904,2.7273059331625206e-05,4.505891539929513,1.0,-1.1102230246251565e-16,0.008306317640038063,0.9999999999999999,0.0,7.707251398099933e-06,4.505891539929513,0.014903562001320788,IMG_20241029_173143_jpg.rf.ded976a3e073415ff2029d0366f5a708.jpg,Drum_Stick
207.395552,56.85164879416688,207.395552,3232.1099706152963,-1.6638416275017098,1.2962582998057162,6.44824922396011,0.016234082304,207.395552,102.311104,0.005763605178770611,589.7117143271882,0.5202027153718772,6.5174872939823345,865387.563949198,8.771280501873949e-08,414.6947307301495,92497.58855502329,4.464309341051874,0.0001018857212232464,4.858039260929592e-05,4.104782031647696,1.0,0.0,0.05522491572716569,1.0,0.0,2.2264710926167245e-05,4.104782031647696,0.020908500397468013,IMG_20241029_173200_jpg.rf.ad292e0d305283c3b55c083891240d33.jpg,Drum_Stick
165.97208,59.59741125647657,165.97208,3551.8514284735998,-1.401337551443179,0.5446626802150765,6.874603022377029,0.01188420096,165.97208,120.9116,0.003044545648619934,420.67537620360963,0.5289123829318005,6.848982979171645,504655.68466963933,4.622324919978994e-08,331.6318446476669,62131.03227367299,4.76029854125873,9.124756351586062e-05,3.143461578982958e-05,4.823101299868955,1.0,0.0,0.01409654682988984,1.0,0.0,1.1710360327217202e-05,4.823101299868955,0.01979300804383159,IMG_20241029_173208_jpg.rf.27f110d58d7bf4259242ba8eec813ceb.jpg,Drum_Stick
145.939328,64.74097236610226,145.939328,4191.393502908416,-0.9272082038784463,-0.70164023433794,7.096876408676282,0.008707578367999999,145.939328,117.938752,0.0012275537934708781,471.4108965984419,0.4086289882528854,7.481656948050673,330502.07922200946,1.849815375378995e-08,291.36144578313247,50862.40952565278,4.9181294864006055,0.00011216973307071156,1.8787313865554323e-05,4.430933265412929,1.0,0.0,0.004822502862857051,1.0,0.0,4.662139416182905e-06,4.430933265412929,0.011144206975354728,IMG_20241029_173223_jpg.rf.b15f353d71d42987a86791e7c8afe773.jpg,Drum_Stick
166.349216,31.49457655192945,166.349216,991.9083521853441,-2.5865931179676687,7.8292333351830194,6.286200888044955,0.01586477824,166.349216,109.97168,0.0022956098704683798,44.71108530507573,0.4403033554858125,6.539216257361369,1820515.7325061923,3.479539613961609e-08,332.6573442363833,57322.31670456931,4.352230780177302,3.4221958586101436e-05,4.706305041092182e-05,4.131547774218047,1.0,0.0,0.0064998951629812425,1.0,0.0,8.723781371074054e-06,4.131547774218047,0.017328102269916688,IMG_20241029_173237_jpg.rf.5e9f779fc3e8695e7ce5b22d88498bdb.jpg,Drum_Stick
209.587696,49.993961609494235,209.587696,2499.396197411583,-1.6106182299863427,2.122071567134104,6.599519314675549,0.023710142976,209.587696,91.676464,0.016510159137293656,58.39647747616974,0.6191690484241728,6.113139767807509,1148088.5659111068,2.51692205020617e-07,419.20259350655635,92881.04388638894,4.567228021742515,2.641056901425985e-05,7.81455402789431e-05,4.509648897364094,1.0,0.0,0.1185626038289705,1.0,0.0,6.412794846856335e-05,4.509648897364094,0.026246216065692145,IMG_20241029_173252_jpg.rf.58600c4db5cb2fc636f8789fa2c48d47.jpg,Drum_Stick
186.778816,34.49816374298992,186.778816,1190.123301638144,-2.0897516326698256,5.090913626130508,6.440831861562029,0.015593847808,186.778816,117.431936,0.0038247410843602492,55.4980080966436,0.5730202264163856,6.159923634234673,1926354.8487127204,5.812808678127669e-08,373.8280995467815,72250.95221044823,4.45528677499317,2.38057880681864e-05,4.607208179258145e-05,4.351233359361765,1.0,0.0,0.012903017693263012,1.0,0.0,1.470082114650456e-05,4.351233359361765,0.023037922499804856,IMG_20241029_173258_jpg.rf.79801905d62e96c0b12d046d2f5d1913.jpg,Drum_Stick
176.056496,66.05808710674253,176.056496,4363.670872201985,-0.9754329676695547,-0.6284002522379124,7.087407160731493,0.011146449408000001,176.056496,120.734672,0.0029806257542731125,279.9365494104934,0.47410337965961263,7.2021149969226155,461971.68717294425,4.524790901505451e-08,351.5227496330704,70548.95133949452,4.915053273909355,7.982974348448007e-05,2.818192008549036e-05,4.09791728700127,1.0,0.0,0.017935194593635587,1.0,0.0,1.1473379082520008e-05,4.09791728700127,0.020409630514170614,IMG_20241029_132429_jpg.rf.316cd22e7cce822afd135e113b0d5bd7.jpg,Fittonia
172.472352,61.17297876994462,172.472352,3742.1333315880956,-1.52221011946165,0.7121972720998468,6.521264191463423,0.016425323008,172.472352,113.91664,0.005752804798764866,269.3669940807406,0.5841124609814577,6.42974281135164,516621.5106404888,8.754800429843698e-08,344.462234480089,66853.05309591781,4.520612356913786,6.950881580728033e-05,4.896735089279901e-05,4.2486253635778874,1.0,0.0,0.02246737955839422,1.0,0.0,2.2221010385974876e-05,4.2486253635778874,0.023099392686818203,IMG_20241029_132457_jpg.rf.8ac42e5332448523ea15aefd6f5fd9a6.jpg,Fittonia
195.211696,63.181186573248084,195.211696,3991.8623368035837,-1.4719154527944036,0.5426981814092029,6.59823439892244,0.014898044416,195.211696,114.800944,0.003855606894091968,443.0537571974645,0.5179667948145854,6.66540194782762,620380.9685570097,5.859906166121624e-08,390.11193367848904,84132.06632151094,4.57153462851894,9.160786201407035e-05,4.314976044652766e-05,4.161182483635508,1.0,0.0,0.013499782261576426,1.0,0.0,1.4832806033527112e-05,4.161182483635508,0.023742398670241697,IMG_20241029_132502_jpg.rf.3de27123700bde5f2d3bf637418bc3a5.jpg,Fittonia
186.672784,58.54565303837121,186.672784,3427.5934896893446,-1.6093911735798945,1.3766526275779398,6.948269958255767,0.010549082111999999,186.672784,117.206384,0.0029832000728948387,247.33247850841119,0.5653179520348395,6.727175930021719,661418.320077755,4.528718999988311e-08,372.95432331736583,76438.5291366268,4.816992514681948,6.51842494066376e-05,2.5922093221101964e-05,4.704387906695746,1.0,0.0,0.010515959420009355,1.0,0.0,1.1492262463325145e-05,4.704387906695746,0.014849629105416252,IMG_20241029_132517_jpg.rf.ba4d3b766d5052f8f29d2bbcf9d87705.jpg,Fittonia
155.83144,75.99186221909817,155.83144,5774.7631235264,-0.29422661140102113,-1.467445548574706,7.577167593677311,0.006636923392,155.83144,112.533232,0.0013230168950525483,347.5678456799084,0.3895375721115725,7.845999745197143,273946.92155846604,1.995480508407667e-08,311.219012596571,60014.17144884761,5.252010040966095,0.00010816682659982297,1.068486037305576e-05,4.4372152882001625,1.0,0.0,0.007257947452460444,1.0,0.0,5.066692365691377e-06,4.4372152882001625,0.012610652077313841,IMG_20241029_132533_jpg.rf.5f9a357a7f66f8647375dfa0c8fdc3a1.jpg,Fittonia
179.849952,67.41304192511785,179.849952,4544.5182215976965,-1.1228116513734825,-0.27278766591090786,7.080545470742786,0.009847089152,179.849952,111.261504,0.00276910552241054,135.9209851454009,0.54480984842783,6.90700110814132,463828.34561064537,4.202036641461243e-08,359.19602909630487,73625.89843712197,4.910460359363654,5.0359836607348065e-05,2.3069710191926107e-05,4.1733960632452325,1.0,0.0,0.014338478411638522,1.0,0.0,1.0667097746703568e-05,4.1733960632452325,0.01737685659884418,IMG_20241029_132558_jpg.rf.6a372106ea843f33b7b1a80486865ef3.jpg,Fittonia
150.567872,73.82457575490439,150.567872,5450.067985391616,-0.48287217508224145,-1.3744526402465944,7.438562527467097,0.006996569088,150.567872,117.784512,0.001594501893904957,143.58958726472153,0.4516571401704416,7.4003563994038375,272850.8820293909,2.409733741519862e-08,301.2286576022967,56266.94172674634,5.154035755231599,6.161055098279663e-05,1.2109715635548629e-05,4.257268393430783,1.0,0.0,0.007757939388074386,1.0,0.0,6.121614801589485e-06,4.257268393430783,0.012085411791796515,IMG_20241029_132607_jpg.rf.c8b1e2113b61621b324fa4ced383a20f.jpg,Fittonia
207.940176,60.94647688824207,207.940176,3714.4730450890243,-1.227432020193025,0.06764377027993795,6.024761245530797,0.065383394304,207.940176,70.7124,0.05522117781444585,182.14604603151565,0.5860630957948956,5.895672082995009,757122.78920469,8.423754734097801e-07,415.4816696504895,93783.67692456572,4.166934534476235,5.860929402537359e-05,0.00024352761102760205,4.039233506746631,1.0,0.0,0.22728665666682796,1.0,0.0,0.0002146968414623271,4.039233506746631,0.04727662422828325,IMG_20241029_132706_jpg.rf.b5dac36ba23b640757116ad7387a32dc.jpg,Fittonia
187.960416,57.25321301994277,187.960416,3277.930401106944,-1.4074663053488021,0.4206776808104613,6.448147193807996,0.01622417408,187.960416,119.082688,0.005925968307493211,68.93669456944244,0.6282166611617678,6.146763159551978,701091.049879593,9.019026975144516e-08,375.3813648166965,77041.57284559925,4.471703698301329,3.248346911113329e-05,4.80385550867659e-05,4.233188598651589,1.0,0.0,0.021886743762197385,1.0,0.0,2.2901058450562288e-05,4.233188598651589,0.024226039758226157,IMG_20241029_132724_jpg.rf.6a02f07174b6667981f8cf17bbd99ee0.jpg,Fittonia
178.15976,58.84964187437677,178.15976,3463.2803487424,-1.1546208923086616,-0.03851515465824029,6.955944433014615,0.010888710143999999,178.15976,105.912784,0.00428508055299853,68.80068063418331,0.6175817151345158,6.512552644454942,596230.6784825603,6.515230963037154e-08,355.7549555652328,70236.49900808051,4.825165373833395,3.616102406929424e-05,2.7056962471902693e-05,4.931551766109203,1.0,0.0,0.014306220867405364,1.0,0.0,1.6573300005719244e-05,4.931551766109203,0.017167441580504487,IMG_20241029_132735_jpg.rf.cf6708f57be1ca951f9c3e51704e2173.jpg,Fittonia
181.933232,53.71534669006778,181.933232,2885.338470034176,-0.963863362216781,-0.09208066576189289,7.133464937777771,0.010984442367999999,181.933232,110.624784,0.003352381712100759,110.84929275334268,0.5183995512913354,7.025001226415872,747381.2902591652,5.092045475827422e-08,363.25915711036924,71764.12727214082,4.948571565774362,5.747031762529536e-05,2.7384869590578396e-05,3.987334863054533,1.0,0.0,0.017951323365752166,1.0,0.0,1.2928664271280003e-05,3.987334863054533,0.021780744858406288,IMG_20241029_132748_jpg.rf.2de72c76a9f3d2b8335a8075093493da.jpg,Fittonia
161.738736,62.14834830566541,161.738736,3862.417197122304,-0.6583927804732685,-0.6850957296307802,7.604645549334653,0.005758912512,161.738736,112.970896,0.0010136210483809522,134.88524378639056,0.44293997564780313,7.517454226682251,441436.4245997748,1.5233799122901187e-08,323.1588522765761,59967.876195545185,5.270049788673665,5.373911166125345e-05,7.250145793982535e-06,4.179336245593378,1.0,0.0,0.0037902614473960096,1.0,0.0,3.87153169345496e-06,4.179336245593378,0.007334901338708855,IMG_20241029_132807_jpg.rf.f005f69e7afa38ba04b589ec87271c37.jpg,Fittonia
186.723936,74.3171909901599,186.723936,5523.044876667904,-1.2159362651065082,-0.2930885590506369,6.47177879551355,0.018487311872,186.723936,112.122816,0.009478909366742876,117.86148610506282,0.617187048842111,6.16227220292589,410131.52263889526,1.4440384792603113e-07,372.76656828115676,80579.4725891518,4.4848233072154455,4.270423183698651e-05,5.7296339253780865e-05,4.394335237019529,1.0,0.0,0.04593474298801632,1.0,0.0,3.6743571243853886e-05,4.394335237019529,0.04051539102998334,IMG_20241029_132837_jpg.rf.99ab503d534570ff124127eda2f549ff.jpg,Fittonia
179.780896,57.251839389116434,179.780896,3277.773113437184,-1.5341991259201144,0.9668063174158661,6.655312924606775,0.014243495424,179.780896,112.424384,0.004321424333782827,100.89621135142981,0.5736137521258048,6.411913473253403,641586.7275765223,6.570687171509288e-08,359.0348220189997,71036.71624651217,4.615976288496759,4.170602780096289e-05,4.015190173489344e-05,4.599463873357464,1.0,0.0,0.014435251044337995,1.0,0.0,1.6664115792911855e-05,4.599463873357464,0.022322645932106595,IMG_20241029_132844_jpg.rf.8ec2d1cb71510b3c9e2464d913c24f9c.jpg,Fittonia
156.602576,49.48331911022365,156.602576,2448.5988701642245,-1.0483983620217758,0.3796578428131552,7.178037250556802,0.008969744896,156.602576,109.947696,0.0024289879820658783,62.66271511749811,0.5250110977901712,6.832232188471321,654355.5250091775,3.6830584610036894e-08,312.9861937710682,53885.85240560636,4.9727243953102835,3.292621296241694e-05,1.997387320880481e-05,5.154795578764987,1.0,0.0,0.01333849454041064,1.0,0.0,9.350606717947553e-06,5.154795578764987,0.0192060649610321,IMG_20241029_132853_jpg.rf.218822f9b642d6b1ba65d2620fab9175.jpg,Fittonia
187.219312,79.36683870639334,187.219312,6299.095086246656,-1.048286718109991,-0.763972792022757,6.09980867968708,0.024887337984,187.219312,111.150448,0.01435871761307421,136.95624264124774,0.6549484058834903,5.822473234091101,361373.1803210328,2.18863812622249e-07,373.6594571055306,82471.05733778489,4.231889630209706,4.460121327428188e-05,8.181762200584056e-05,3.9939147178719843,1.0,0.0,0.051628199545168625,1.0,0.0,5.5709535945335425e-05,3.9939147178719843,0.04544630631589535,IMG_20241029_132901_jpg.rf.d925c97ee6aab6950d8d71ac166434f2.jpg,Fittonia
168.065408,75.66807079471192,168.065408,5725.656937793535,-0.3215996383208124,-1.1785197567708134,6.674556086958624,0.06382967500799999,168.065408,79.55664,0.05931601606521642,189.58308736955854,0.497409435379948,6.619658297211157,322265.093883971,9.048577465233446e-07,335.76492314640086,67832.54942662216,4.641854024779669,7.848428454341967e-05,0.00022726325657487483,2.8403412396596375,1.0,0.0,0.24260899017757778,1.0,0.0,0.00023075583601398064,2.8403412396596375,0.007200840106983337,IMG_20241029_132908_jpg.rf.0c1dd2f9c6608080aff91dd20ca9b645.jpg,Fittonia
181.765328,52.86032933166815,181.765328,2794.2144170524157,-1.6857007668302681,1.5479756929270163,6.4980625210403735,0.016887772672,181.765328,112.26776,0.0034387644614380904,184.47633102691893,0.4422047773255864,6.7798553636040575,768814.9285363805,5.223855090905136e-08,363.1180626118933,71547.22302866081,4.509793396933205,7.895188505339126e-05,5.0257436748174623e-05,4.269335661558997,1.0,0.0,0.01122562539313882,1.0,0.0,1.3176750920419591e-05,4.269335661558997,0.022539337617070335,IMG_20241029_131640_jpg.rf.7139e119f0e4dca4f555dd8e0dd10776.jpg,Hibiscus
157.544768,70.00782741826927,157.544768,4901.095899826176,-0.8802394586354625,-1.011728195828633,6.653709628351969,0.013753997312000001,157.544768,112.8216,0.0020233559057867656,198.77531007564397,0.35921936051279457,7.199515886300458,328957.39046388963,3.064113032111001e-08,314.3241883195433,59241.45168626316,4.615562245689913,8.414594229704965e-05,3.824855847695051e-05,4.226757558163586,1.0,0.0,0.008661150626602797,1.0,0.0,7.694720930653574e-06,4.226757558163586,0.018215999154918918,IMG_20241029_131651_jpg.rf.5df7c3daefdcb106748fb6f8f3d1831d.jpg,Hibiscus
151.09792,58.77069402069027,151.09792,3453.994475673599,-0.8604990157618895,-0.6955212577422651,7.1429780165740695,0.009856875008,151.09792,117.005472,0.001409426178393458,241.950049192755,0.3206693688386246,7.75307240347646,429912.01044738234,2.1273306111617402e-08,301.6012483669618,52414.951516911,4.952667386241018,0.00011186948432220349,2.3241419094221735e-05,4.329040531468066,1.0,0.0,0.007886969565007016,1.0,0.0,5.355179571237252e-06,4.329040531468066,0.013139545826562753,IMG_20241029_131715_jpg.rf.81924f75dabc5badea79ebc209c244b4.jpg,Hibiscus
150.467952,61.77101958787548,150.467952,3815.658860925696,-0.6747310444150226,-1.1429127682847569,7.130346438002925,0.010215394816,150.467952,113.625872,0.0016212601358277566,169.41342881566425,0.35573437583749523,7.557251179249189,386381.9283280731,2.450563578438197e-08,300.4173481072886,52779.27801164498,4.946011656011563,8.122368521525862e-05,2.439411384635442e-05,4.032933304330193,1.0,0.0,0.00927404396703279,1.0,0.0,6.178153253589462e-06,4.032933304330193,0.01482502872982865,IMG_20241029_131726_jpg.rf.96a9fe3570377b8634ac2920fbdcf874.jpg,Hibiscus
178.363104,47.142139402928926,178.363104,2222.381307485184,-1.5030770426529778,0.768362788088333,6.314690215219983,0.017686813695999996,178.363104,117.748352,0.005123697101049889,90.15707811164337,0.5421385417551156,6.354239704826325,931058.4772589762,7.794858264140915e-08,356.4592345284753,68003.49950807242,4.374422000808805,4.9766722276278816e-05,5.399388009879587e-05,3.9264532033885717,1.0,-1.1102230246251565e-16,0.019999677424557667,0.9999999999999999,0.0,1.9743923562064818e-05,3.9264532033885717,0.026864251666839874,IMG_20241029_131736_jpg.rf.a8c1357c9593130f5f56b78be1f7b723.jpg,Hibiscus
168.082608,51.94381156517431,168.082608,2698.159559918336,-0.9181846270147621,-0.5630021190588561,6.964765831966508,0.009833766911999999,168.082608,117.057392,0.002470409122476172,87.29257592619474,0.5020318870863058,6.9649359682502965,681398.0443761875,3.7462621054285764e-08,335.79489040499345,61801.57811970774,4.827613458212876,5.197625773866046e-05,2.3124991398371245e-05,4.073634082458427,1.0,0.0,0.011951420138384865,1.0,0.0,9.500098992247268e-06,4.073634082458427,0.013344631334894217,IMG_20241029_131743_jpg.rf.a2f34b87970d53a09c20c549b9cdfc45.jpg,Hibiscus
163.286048,49.99924031964583,163.286048,2499.9240325416968,-0.9548752013379296,-0.8333149248628673,6.288715235571129,0.017140119040000002,163.286048,110.382176,0.003938406512396997,102.11522394800085,0.47441416627020994,6.592685761458033,693445.0958516966,5.986248357138819e-08,326.12025612490123,58202.87843744458,4.362437672041217,5.728500016002766e-05,5.145685053173119e-05,3.7848538617162215,1.0,0.0,0.01385461524814116,1.0,0.0,1.5123792471885806e-05,3.7848538617162215,0.021996075435953295,IMG_20241029_131749_jpg.rf.442e837def3a0475e218caa277484988.jpg,Hibiscus
168.652448,52.71913602864994,168.652448,2779.3073036072965,-1.0599021081913202,-0.624061853780661,6.232184718888853,0.020708508672,168.652448,116.735488,0.0065565613891340226,110.01072563345751,0.5102283222549672,6.443001215009504,665339.7699254934,9.981235656847417e-08,336.8461637715521,62320.84913146564,4.317535409494716,5.994023274007174e-05,6.580914915962343e-05,3.9660657457388395,1.0,0.0,0.025177013273979452,1.0,0.0,2.5294896292624608e-05,3.9660657457388395,0.031916680311627074,IMG_20241029_131756_jpg.rf.60cc45eb114bda8099b18c9c692e2eda.jpg,Hibiscus
143.664768,61.92097676479414,143.664768,3834.207363506176,-0.058749759820615984,-1.5575208861895584,7.125245309060471,0.010866495487999998,143.664768,115.741568,0.002645685986548383,130.22331897872616,0.39636324166128006,7.46395200719931,350535.6042524541,4.013713375070011e-08,286.7060853857196,48784.30044676699,4.934862122721794,7.650239669773471e-05,2.7378002372587215e-05,4.455264493178165,1.0,0.0,0.025257657134562347,1.0,0.0,1.0168160918411308e-05,4.455264493178165,0.01846250183832305,IMG_20241029_131804_jpg.rf.2be37358b5240abc203a49e7ff7dcb02.jpg,Hibiscus
175.5792,57.715016134105,175.5792,3331.0230873600003,-1.323150589405812,0.02696368959507911,6.230046506087764,0.019167611392,175.5792,118.361248,0.0063750427909258275,126.25504427347944,0.5762315766329503,6.1983057854154175,601501.1248268633,9.704260256749465e-08,350.73790745310555,68210.14572345605,4.318261749850622,5.002316424016851e-05,5.965495731868757e-05,4.078455880847939,1.0,0.0,0.025677005209593394,1.0,0.0,2.46098790802525e-05,4.078455880847939,0.03215417087377765,IMG_20241029_131823_jpg.rf.5b39c1cc6742c1600718c80851baae53.jpg,Hibiscus
171.078992,61.55226267379564,171.078992,3788.681040263936,-1.1127232676563121,-0.43023217590146423,6.692863622334593,0.012308776448,171.078992,113.414224,0.0037361679790412156,112.03625747971806,0.5566577857962837,6.570396056607146,502079.8979763721,5.677656845060296e-08,341.679166465057,65991.61023209302,4.639572185952462,4.7388604524775806e-05,3.280258431104066e-05,4.119818187397752,1.0,0.0,0.0154191061434493,1.0,0.0,1.4406666428389355e-05,4.119818187397752,0.016206669717035455,IMG_20241029_131828_jpg.rf.cb5066282a185f9abbe307220cfb560c.jpg,Hibiscus
168.910256,56.697261962236446,168.910256,3214.579514014464,-1.207034145350677,-0.41966222105715145,5.631201244899062,0.03213969152,168.910256,117.543632,0.010414382831975664,120.72035934904275,0.5631387434334534,5.835929922933415,576721.9113586195,1.5867804020558419e-07,337.3441557394236,63366.45384751864,3.9071335429612883,5.185665045032036e-05,0.00010993691848844123,3.645396726926186,1.0,2.2204460492503128e-16,0.043305753133013984,1.0000000000000002,0.0,4.019213720478407e-05,3.645396726926186,0.03843310575119767,IMG_20241029_131834_jpg.rf.6c35ea70917e283513e0c1508176342c.jpg,Hibiscus
146.933248,70.81961824360886,146.933248,5015.418328170497,-0.2709597225908461,-1.5812014927621105,7.211945893371084,0.009340665344,146.933248,115.20384,0.002112398298776939,164.1078692279157,0.4237820520414325,7.41220869664335,279819.861281165,3.1999809413367296e-08,293.0958210351446,53012.43586393768,4.995311903766715,7.353436398707279e-05,2.1344528460464053e-05,4.770020399209921,1.0,0.0,0.014677182626086676,1.0,0.0,8.10857414552334e-06,4.770020399209921,0.017587514287881682,IMG_20241029_131848_jpg.rf.d9ba5cb326363fac18a62528fb441296.jpg,Hibiscus
177.909136,48.5969399832284,177.909136,2361.6625757335037,-1.5462235741299923,1.0764603761555058,6.694360619226409,0.012846598656,177.909136,118.956016,0.0033363447684475462,171.23901227399563,0.5262746821780216,6.609865176043462,872552.5009421889,5.0675750417862644e-08,355.8158094224287,68056.98914533638,4.634211590734742,5.622773079642868e-05,3.5153209251247935e-05,4.1659632398981215,1.0,0.0,0.011515943291237238,1.0,0.0,1.2835674883335148e-05,4.1659632398981215,0.018577278199339162,IMG_20241029_131937_jpg.rf.b441d29a6ca5b3aa3774089e71cb2272.jpg,Hibiscus
181.740816,55.91378513080781,181.740816,3126.3513676541443,-1.1388493219763873,-0.40352376092875053,6.531858125269877,0.014301561856,181.740816,119.328304,0.0038886432893713513,170.09440170319834,0.51732109895344,6.574172126448535,686672.0621667451,5.910315704816973e-08,363.16735213948164,72239.07999870973,4.523513031647335,5.976845107904005e-05,4.0832857834857725e-05,4.0245347890539875,1.0,0.0,0.013161078047128271,1.0,0.0,1.4970904853414038e-05,4.0245347890539875,0.02211554852380305,IMG_20241029_132013_jpg.rf.1c6a08718ef58be81058d79d3d3554d3.jpg,Hibiscus
159.052864,62.342511638507986,159.052864,3886.5887573975033,-0.5544964914236082,-1.269750447153493,7.12225224265409,0.010262041599999999,159.052864,115.348352,0.0027492747365201347,158.51266915049757,0.46067371909272303,7.064830163187878,423709.4071812223,4.1717772635767125e-08,317.70810148223416,58275.44642828342,4.938844607223036,6.079200398481477e-05,2.4727975670183763e-05,3.692855225710199,1.0,0.0,0.015338462282866405,1.0,0.0,1.0583156139794728e-05,3.692855225710199,0.020414007103307086,IMG_20241029_132019_jpg.rf.2c9e95261725144b00e410359efc422b.jpg,Hibiscus
195.905696,38.44478891547701,195.905696,1478.0017947555841,-0.9730269112188284,0.20430373674980906,6.788945334573731,0.011282398208,195.905696,111.802432,0.002551756134153904,211.3481879324527,0.4567317194888323,6.960295633043234,1691350.691707116,3.870387794634101e-08,391.7008596635538,79687.30499508072,4.701920318062205,7.438662744287895e-05,2.897465595956915e-05,4.207866922174766,1.0,0.0,0.00914501379010016,1.0,0.0,9.795010504421231e-06,4.207866922174766,0.016789382541283093,IMG_20241029_132029_jpg.rf.6c6e647665c97975b10606efcde59e11.jpg,Hibiscus
119.8736,50.28731139204004,119.8736,2528.81368704,0.21087946348908987,-1.1427299698175664,7.398446243887296,0.006310675456,119.8736,108.059872,0.0011533813682510288,113.5238786471186,0.47275540038554176,7.324816437088305,371499.76513313217,1.7366372363106214e-08,239.58368413412688,33763.21056111999,5.1284838915588455,4.898779826887873e-05,9.372553102611911e-06,4.143957486713839,1.0,0.0,0.008935339752584636,1.0,0.0,4.4091797893981134e-06,4.143957486713839,0.007962805592432511,IMG_20241029_132037_jpg.rf.61e4c456cd81fb609e9688070df5e27d.jpg,Hibiscus
155.979344,46.593845144285574,155.979344,2170.986405329664,-0.5855529850420587,-1.2973954922201925,6.676066927000626,0.012185015808,155.979344,115.85096,0.003868772442338287,66.42946081514813,0.5453521910617611,6.648191339943337,729422.4796305773,5.879995198479901e-08,311.52050773374623,52882.10736923598,4.6244333808709825,4.261341889583938e-05,3.2525074727655085e-05,4.4855167087898895,1.0,0.0,0.02456411993354946,1.0,0.0,1.4925736634953643e-05,4.4855167087898895,0.019878180413120998,IMG_20241029_132051_jpg.rf.77c9a46acf27c3c808bfea6ffb6a554d.jpg,Hibiscus
176.374288,43.72523358991986,176.374288,1911.8960524930562,-0.9076626264805966,-0.7852291696827169,6.376542743692443,0.016507433471999997,176.374288,115.024176,0.005067930429645888,66.7301333849454,0.5385663004120759,6.452489120335727,1058968.7427269553,7.709765076573774e-08,352.3309785326043,65909.78695504912,4.425310478000535,4.619720764647445e-05,4.8640035179993516e-05,3.938451742375873,1.0,0.0,0.02177384235738133,1.0,0.0,1.954699845860701e-05,3.938451742375873,0.02285673783620479,IMG_20241029_132114_jpg.rf.1800985e708fcc33d961024ad7864654.jpg,Hibiscus
214.761552,55.5204578380915,214.761552,3082.5212385512964,-0.8305207894494414,-1.04262345116035,3.845010337580113,0.34329863731199994,214.761552,37.57896,0.3291633487033292,213.63689295333944,0.646721235219359,4.193239612719994,973780.9733017464,5.022401274326582e-06,428.9134207512783,98173.89166303778,2.6658598194576317,7.653611315555898e-05,0.0013274693476179303,2.3298286846188163,1.0,0.0,0.5735230076934243,1.0,0.0,0.0012805492990884718,2.3298286846188163,0.010822794396571283,IMG_20241029_172148_jpg.rf.46cc7e4b637393944528f43b755bd524.jpg,Jack Fruit
193.67328,47.985793627297646,193.67328,2302.6363900415995,-0.6601215562888642,-0.992436519685405,6.983217017601222,0.009979399679999999,193.67328,104.42608,0.002142060193130591,122.79476137481653,0.42070982733366047,7.279563509801597,1059988.073513634,3.245241400250383e-08,386.9436621989968,79491.24336704247,4.836717284493749,7.374749137740721e-05,2.390396641627416e-05,4.410116434096147,1.0,-1.1102230246251565e-16,0.009967581168045676,0.9999999999999999,0.0,8.21444311582741e-06,4.410116434096147,0.01714378115414233,IMG_20241029_172211_jpg.rf.db7bc804498209b7f6fa847ffeb5ac87.jpg,Jack Fruit
191.500912,55.130717528146285,191.500912,3039.3960151682563,-0.3672880575107591,-1.4759998032989603,6.88551733723057,0.014907398656,191.500912,87.762352,0.00758233266991847,154.86187319559363,0.4234898899429788,7.21721067668692,785468.8431132494,1.1546438416833448e-07,382.3910743375107,79211.55931355947,4.773810056877171,8.141687805753638e-05,4.229362830194963e-05,4.307673276028683,1.0,0.0,0.07814390090482412,1.0,0.0,2.9393672861539145e-05,4.307673276028683,0.017565935373935262,IMG_20241029_172234_jpg.rf.c4e6f68c1a7b19e01701e3b519ff95fb.jpg,Jack Fruit
202.566112,48.88309152665629,202.566112,2389.556637203456,-1.0701887940414725,-0.34264402097930136,6.72870011349085,0.012749421568000002,202.566112,103.167488,0.0030705364855372675,114.54629764036062,0.4777309295626304,6.854893921842072,1116887.655392056,4.661983789786938e-08,404.87171174658477,86769.77985838942,4.660598404878134,5.7894111350648576e-05,3.4769890857482115e-05,4.158357812802098,1.0,0.0,0.017467460202254804,1.0,0.0,1.1798858615692522e-05,4.158357812802098,0.01962610042436705,IMG_20241029_172241_jpg.rf.943c75678701d80ab96f1ebf214f8d66.jpg,Jack Fruit
201.937088,51.37399102736964,201.937088,2639.2869540802562,-0.9664769159457766,-0.6128308494238319,6.781809961115281,0.0121568768,201.937088,100.786208,0.003091282434413853,143.42733181722878,0.470185053560659,6.92973133008578,1005234.5375410282,4.6936395955678595e-08,403.6038128417283,86758.00180642244,4.698366480436244,6.405044122272222e-05,3.2355875743743335e-05,4.214671044675351,1.0,0.0,0.021886743762197385,1.0,0.0,1.1889327225029726e-05,4.214671044675351,0.02153341894962193,IMG_20241029_172247_jpg.rf.2d1d84215fc43219097b8bcdb6edcbf4.jpg,Jack Fruit
218.723728,55.79092236002211,218.723728,3112.627017782015,-1.0542993426498604,-0.6804987723548175,3.77907974941506,0.3466868787200001,218.723728,34.48872,0.33251048890917395,136.58355510394995,0.6761857988432083,3.992961913493839,999626.0248640857,5.073474580690178e-06,436.9377106820858,101715.51037886491,2.6131364732085545,5.832627266407498e-05,0.0013435663972113884,2.343053182092023,1.0,0.0,0.5763939291301753,1.0,0.0,0.0012935611864175781,2.343053182092023,0.00998096003952569,IMG_20241029_172256_jpg.rf.2eb63f3350c52f1a8ad35fb595c2c9ce.jpg,Jack Fruit
170.33336,61.501809982393205,170.33336,3782.4726311104,-0.7377739704544052,-1.2322574797810308,6.670933301301877,0.012117421568,170.33336,112.59048,0.003398326119709373,85.49302430605957,0.5346704659228564,6.671475241505776,498835.07807225303,5.162151078257557e-08,340.00979016467477,65397.42247705684,4.620408440568219,4.6651518457741614e-05,3.227298949972074e-05,4.444645246871415,1.0,0.0,0.011838518733568813,1.0,0.0,1.3089040395106064e-05,4.444645246871415,0.017263043584922512,IMG_20241029_172302_jpg.rf.20673272be537fd559144834b96e6085.jpg,Jack Fruit
150.663264,54.66802869014305,150.663264,2988.593360866304,-0.6176340631855832,-1.0103868009021977,7.208868454504801,0.008388763136,150.663264,112.54752,0.002153603525236542,84.77774552023354,0.5406196485151533,7.030970922863649,494929.4244101299,3.2628551272186924e-08,300.92893663005435,51274.75310075644,4.993429952671892,4.369382217940537e-05,1.7653316481139562e-05,4.69385738277655,1.0,0.0,0.01279011628844696,1.0,0.0,8.283950858175399e-06,4.69385738277655,0.014102376350609323,IMG_20241029_172327_jpg.rf.92e491868ecf994cbffcd0f4991a5eec.jpg,Jack Fruit
171.342672,45.72846080834578,171.342672,2091.092127900416,-0.8731189153552937,-0.7108735816375629,6.740124553755518,0.012411059712,171.342672,112.758768,0.0045460726541219606,59.86477637457461,0.593050350128137,6.516421288497616,913975.1713646741,6.913473304839265e-08,342.2643505749907,62772.35573619779,4.669686368076973,3.814340412604232e-05,3.33828550858439e-05,4.602988452907452,1.0,0.0,0.021612554636215545,1.0,0.0,1.7568089882709445e-05,4.602988452907452,0.01918540661511866,IMG_20241029_172331_jpg.rf.03217f500b215e65bcf9db31ff1325d0.jpg,Jack Fruit
144.478176,58.58270969930483,144.478176,3431.933875713024,-0.32650064625493475,-1.607724974654656,6.910739592375932,0.010168594944,144.478176,118.141152,0.0026081133172061793,115.25473782680925,0.5134791565543371,6.961894414116907,395681.693344503,3.956382031469237e-08,288.22275447170205,48415.735762326396,4.791868964572222,5.497972964586761e-05,2.4317287988259526e-05,4.376755048036792,1.0,0.0,0.0172416573926227,1.0,0.0,1.0033348594357109e-05,4.376755048036792,0.01582168330041767,IMG_20241029_172343_jpg.rf.43b7ec5398a719678d9623679611f4c1.jpg,Jack Fruit
143.417712,65.16999306954894,143.417712,4247.127996685056,-0.3246453574095315,-1.721291557524211,6.786003290863139,0.011370438656,143.417712,113.09112,0.002209032538438138,189.84108320833533,0.4193676307051576,7.140675210233653,314623.72373638616,3.34743308925726e-08,286.0944339607426,49449.68008580508,4.702853463354479,7.466915659311442e-05,2.9257851981528073e-05,4.028876702973103,1.0,0.0,0.012306253124949597,1.0,0.0,8.45514022419574e-06,4.028876702973103,0.016220344152572723,IMG_20241029_172405_jpg.rf.c676f038f05a416ab2a0f300d8340749.jpg,Jack Fruit
155.350736,70.58222376957461,155.350736,4981.850312258303,-0.36976488643162136,-1.6302572605049124,7.026043916701152,0.0096278528,155.350736,112.58904,0.0020254822679951316,112.56029741455784,0.45979837494167564,7.146142544478291,314904.4979447836,3.067357603351794e-08,309.8470831115627,57992.69065015079,4.871570471611511,5.9375174439600764e-05,2.219160254331178e-05,3.8371228700436824,1.0,0.0,0.01045144433154304,1.0,0.0,7.765749517145781e-06,3.8371228700436824,0.015726477581762956,IMG_20241029_172411_jpg.rf.82f95bdfc589fb54e46c95d54d53deac.jpg,Jack Fruit
136.315984,63.76620002879068,136.315984,4066.128266111744,-0.48477208044706455,-1.073976562321303,7.592937479750177,0.005817212928,136.315984,111.807632,0.0009577472004134759,153.3701553200755,0.3936794694949278,7.8875784121829335,297336.20935050497,1.4381231862655273e-08,272.00098385509915,45145.89192109808,5.26532500828155,7.984475592190548e-05,7.337027584193547e-06,4.21365298067297,1.0,0.0,0.004870889179206787,1.0,0.0,3.6529350928389938e-06,4.21365298067297,0.008955287617146628,IMG_20241029_172417_jpg.rf.19f5f77b8e68bb7b8d85212305c71192.jpg,Jack Fruit
153.233696,66.40965600106347,153.233696,4410.242410179584,-0.7480367310983954,-1.1307999471742645,7.0105192692169505,0.00957569536,153.233696,113.92736,0.0021187165132761803,197.71877872937534,0.4812664912138546,6.982421431611395,345958.6351891076,3.209621771566285e-08,305.99022596409736,55683.36139739681,4.853503073102814,6.001234166081999e-05,2.2390936806410644e-05,4.611495031197372,1.0,-1.1102230246251565e-16,0.007806325704424123,0.9999999999999999,0.0,8.129167138309648e-06,4.611495031197372,0.01444738020218008,IMG_20241029_134100_jpg.rf.364e91dd8fa83a1e436459be6b5f17b1.jpg,Mango
188.005488,61.238127093191345,188.005488,3750.108209881856,-1.1929949950880825,-0.1945119382403777,6.75566424631319,0.01318502912,188.005488,117.226704,0.0037333657801534585,194.9242915436848,0.5266008475336619,6.699967170856567,612536.0659825453,5.673381028886351e-08,375.68015032015614,78117.93124304448,4.678767906047231,6.476488558085252e-05,3.641710659788299e-05,4.483825499057969,1.0,-1.1102230246251565e-16,0.01748358897437138,0.9999999999999999,0.0,1.4381601111301074e-05,4.483825499057969,0.0224682968226904,IMG_20241029_134148_jpg.rf.546ef81375427a3192fdd093503f4809.jpg,Mango
178.235632,64.81636174270024,178.235632,4201.160749560576,-0.9442438282132027,-0.8438301625058497,6.7442195198979284,0.013090843647999999,178.235632,113.954256,0.003121432346323523,109.74029451137883,0.47866903741040545,6.8757814851017445,491352.3427562856,4.739644710176122e-08,356.046612151417,71838.75818131972,4.671642358425471,6.186256304711819e-05,3.6011034320533474e-05,4.555063784842225,1.0,0.0,0.011919162594151708,1.0,0.0,1.1992822355236287e-05,4.555063784842225,0.020974493632501662,IMG_20241029_134204_jpg.rf.83a7d13e1e5835ac8c965fc8d86f0876.jpg,Mango
169.343344,59.39032341129036,169.343344,3527.210514897664,-0.9657963679623197,-0.7565205905357257,6.762553425901058,0.013029323264,169.343344,117.690928,0.004716680574113457,41.833583329301135,0.6024847759374928,6.463644332772578,528787.3826303597,7.173800331193479e-08,338.07061176432643,64228.35857486173,4.688094577073654,3.2732527909076063e-05,3.557769640347704e-05,4.683083950925888,1.0,0.0,0.01593522685117982,1.0,0.0,1.8225953471279218e-05,4.683083950925888,0.021404755856139226,IMG_20241029_134210_jpg.rf.a542c926c9bbbc6dd93c87c80be37a47.jpg,Mango
169.615488,59.30150775926238,169.615488,3516.6688225218563,-0.986935986475849,-0.6996471592407714,6.748751809024141,0.013552600064000001,169.615488,118.50704,0.004850377093753902,41.922662537701,0.5976455952592388,6.467044464782287,532082.145052141,7.377805030351869e-08,338.61516749729844,64391.43996064581,4.678798735710565,3.3247626786639526e-05,3.761016530873803e-05,4.6237302098568325,1.0,0.0,0.018757761971581105,1.0,0.0,1.8740266169463528e-05,4.6237302098568325,0.02247883447855681,IMG_20241029_134212_jpg.rf.90968b6756d10927407ff7b3f864c879.jpg,Mango
162.095616,64.78363479753621,162.095616,4196.919337580544,-0.4948367926735246,-1.50946282447154,6.852462928281378,0.01112486144,162.095616,113.371872,0.002994110230836958,167.8054224931856,0.5309041518792819,6.817490282905744,407371.99589706486,4.545366579856046e-08,323.37046176674573,60695.51065305399,4.747516105386899,6.226814496313567e-05,2.835830942668321e-05,4.646254249311492,1.0,0.0,0.016661021596425865,1.0,0.0,1.1525363798233494e-05,4.646254249311492,0.016545940477175138,IMG_20241029_134219_jpg.rf.3443f3c43f51b67ffe3169b38bfdfcc3.jpg,Mango
173.005424,56.1816948354197,173.005424,3156.3828345802244,-1.0331498682770655,-0.6635824789797247,6.449534774865705,0.016071594496,173.005424,114.668464,0.00585093794949098,159.28228576958435,0.5947543145948602,6.308648957131193,616888.3921865093,8.904539734540528e-08,345.4388316317479,66002.50649183079,4.470295506258222,5.284599468720766e-05,4.7654809905258684e-05,4.242221320232277,1.0,0.0,0.032225286688924375,1.0,0.0,2.2609470119231335e-05,4.242221320232277,0.022502953787242454,IMG_20241029_134225_jpg.rf.f5de9758da16bb9acfc40ad2edd63b80.jpg,Mango
168.635424,65.67652131728829,168.635424,4313.405452340224,-0.8897939414243391,-0.7877772426125915,7.071900768588679,0.00940324352,168.635424,112.630592,0.00305167080899272,124.28899533878486,0.5831062767617792,6.743257922410416,428802.2496739998,4.6331970518954764e-08,336.6168287608265,65314.42889630816,4.900492559803046,4.7838977647537936e-05,2.158553956267069e-05,4.841252148806946,1.0,-1.1102230246251565e-16,0.013386880856760375,0.9999999999999999,0.0,1.1776665938935735e-05,4.841252148806946,0.016435583992355018,IMG_20241029_134241_jpg.rf.e0c337cdda72439f5d876014d744f0ec.jpg,Mango
206.566704,70.75597217603885,206.566704,5006.407598576384,-1.1747863513203867,-0.42225883966945554,5.389852668603206,0.11017072691200001,206.566704,64.96216,0.10021782983581749,210.85582490604992,0.6136431747447186,5.367303312531138,553769.615996314,1.5289698951226043e-06,412.6642473508492,95222.5095724263,3.7239578206741446,6.163319269170054e-05,0.0004215775833221874,3.480789257965359,1.0,0.0,0.31362397380687407,1.0,0.0,0.00038976950571653455,3.480789257965359,0.02390991012257372,IMG_20241029_134256_jpg.rf.5895d2be742aad5490b5a4a5408fb266.jpg,Mango
199.01856,73.77773696398121,199.01856,5443.1544715264,-0.8952927792045973,-1.0165841984420012,5.554310416097181,0.10231446374400001,199.01856,67.311808,0.09172874675954036,221.59066789245335,0.5914901628519137,5.565839677246549,472778.09802915674,1.3994367671276525e-06,397.4307672456896,89923.12538507445,3.8521158475271475,6.194254734487649e-05,0.0003842637648097808,3.2941310642920376,1.0,0.0,0.30004354768471475,1.0,0.0,0.0003567547820533909,3.2941310642920376,0.025547072079827534,IMG_20241029_134311_jpg.rf.3517f9249a05c19c702cea6afaaf29f7.jpg,Mango
171.222416,57.32292039946101,171.222416,3285.917203122943,-1.2527255388203764,-0.09180871538875257,6.60308660685036,0.013777556992,171.222416,119.086448,0.0036256741448440076,278.72535926839885,0.52916196994377,6.58019450765125,579895.3288455178,5.5090566341880915e-08,342.18217448105673,65160.61810293382,4.577003463295522,6.729386602320426e-05,3.8664989502480266e-05,4.198843277853988,1.0,0.0,0.013741713843325107,1.0,0.0,1.395214986827745e-05,4.198843277853988,0.020442702282023082,IMG_20241029_134324_jpg.rf.cb53b2d78aad46e42bd6802f5897d5ba.jpg,Mango
171.875664,56.05026098564666,171.875664,3141.631756559104,-1.1693564307189086,-0.2021990854978477,6.583713720461469,0.013494416383999999,171.875664,107.4204,0.004176553876988216,172.0857082950275,0.599704896700279,6.321777114895847,611859.575679513,6.349632397347588e-08,343.24801212883665,65219.42820277093,4.562332862372711,5.080110382544233e-05,3.757587392987885e-05,4.6307984566197575,1.0,0.0,0.017548104062837695,1.0,0.0,1.6108278179671236e-05,4.6307984566197575,0.022581422063858075,IMG_20241029_134330_jpg.rf.bee905447312ae2b8015c706de0b168a.jpg,Mango
172.624,58.219994641016584,172.624,3389.567776,-0.9422942793410256,-0.5685141783695169,7.017695975180097,0.010430802944000001,172.624,112.466976,0.0033806014053187144,84.0542894469444,0.5817306621221637,6.667553147422656,572252.1660252238,5.1351053104495465e-08,344.6379251947549,66188.9816615861,4.867735807228516,4.040708280536806e-05,2.5265110398268204e-05,4.877895943536906,1.0,0.0,0.022322220609345012,1.0,0.0,1.3047177757257605e-05,4.877895943536906,0.01713278958751159,IMG_20241029_134336_jpg.rf.aa14f4e0e61736211f1384ba8f810d27.jpg,Mango
162.579616,71.87251500603372,162.579616,5165.658413292544,-0.8779326763110998,-0.8535880726937863,7.018466691724648,0.010490038271999999,162.579616,110.8672,0.0035407934282190704,64.894437186497,0.5775351979302371,6.666616032368607,332557.19130731403,5.379538939142717e-08,324.3610586926018,62971.83687359884,4.867172846446042,3.8512070212325205e-05,2.5545658303907937e-05,5.038722995618009,1.0,0.0,0.017306172481089014,1.0,0.0,1.3671831956455716e-05,5.038722995618009,0.016653968670264682,IMG_20241029_134341_jpg.rf.75329c4952089c9b75608e703f3a84d7.jpg,Mango
143.985104,65.62192281630571,143.985104,4306.236754109184,-1.012554267842782,-0.728987527569736,6.5606050251126895,0.013433891840000002,143.985104,116.842544,0.0041316172412410165,57.30007580522895,0.6072680032457256,6.233352833593007,312707.78657600505,6.281064532743099e-08,287.42546087966326,49963.62294156548,4.551142248754245,2.8242086380159192e-05,3.6887262070763116e-05,3.584028027875344,1.0,0.0,0.016515862647376655,1.0,0.0,1.5935434336358413e-05,3.584028027875344,0.021835080860126505,IMG_20241029_134358_jpg.rf.edce49f98c96515fefe6593b730c22da.jpg,Mango
148.45856,59.82194161615285,148.45856,3578.6646987264,-0.8987861753891937,-0.6918296184068811,6.968374304007801,0.010329095168,148.45856,110.367328,0.002968740081493536,49.62018354542668,0.563533207587041,6.674816248770047,400564.1526753625,4.506654804124507e-08,296.48542765439265,51142.79400332252,4.834804106220384,3.1396420978215065e-05,2.4713218975944648e-05,3.867292117072081,1.0,0.0,0.02087063111885292,1.0,0.0,1.1440500286933952e-05,3.867292117072081,0.01966438021921015,IMG_20241029_134401_jpg.rf.2729bbfcf13625ab114a3849147d9333.jpg,Mango
133.586272,58.71556983579411,133.586272,3447.5181411420153,-0.863013393503739,-0.9747855691233505,6.294067237306157,0.0180532864,133.586272,117.456864,0.005509967158835156,97.79142271898841,0.6211196214019068,6.052058192512756,336357.79739592987,8.384259597431421e-08,266.65021531910776,42478.006128933404,4.3661040684069885,3.378881285054878e-05,5.4694748895379726e-05,3.7151623277836685,1.0,2.2204460492503128e-16,0.03201561265140885,1.0000000000000002,0.0,2.1250053206551857e-05,3.7151623277836685,0.02673419444280769,IMG_20241029_134414_jpg.rf.6d0e1975fbab80d65633a5679e8ef31b.jpg,Mango
201.327488,58.24082210623281,201.327488,3391.9933596098563,-1.2524172870062762,0.06711106699036229,6.678712997255673,0.014906858496,201.327488,100.21728,0.00589446984387224,267.05348300833856,0.5120635502212596,6.689403434450524,776753.1744643371,8.970964133925996e-08,402.4029451137885,87795.14183642203,4.624939355556801,7.291245530881055e-05,4.337224083146777e-05,4.119823794303776,1.0,0.0,0.05717649715327172,1.0,0.0,2.279624536710263e-05,4.119823794303776,0.020984646754813367,IMG_20241029_134431_jpg.rf.1b37213d0a7820414c294ac94e872f57.jpg,Mango
164.724272,66.85794006750444,164.724272,4469.984150070016,-1.0141058309599182,-0.7573902467606142,6.646932616935095,0.013446738944000001,164.724272,120.731184,0.003616049065114432,113.76855212012708,0.5275249019627547,6.61598755690979,394308.9473625819,5.494369928057758e-08,329.0526281834164,63135.774100417744,4.605125920145583,4.5440925347978254e-05,3.742511217639502e-05,4.0466100553421445,1.0,-1.1102230246251565e-16,0.01279011628844696,0.9999999999999999,0.0,1.3919395171388817e-05,4.0466100553421445,0.02036427377880915,IMG_20241029_134438_jpg.rf.198f84e6d8aa6a6397369eff93cef234.jpg,Mango
201.49688,62.52675285240391,201.49688,3909.5948222656,-1.1496026684359093,-0.21372819977781665,6.572901041160209,0.022582268928000002,201.49688,91.462224,0.01403285507594634,141.71395622651247,0.5216087344131894,6.532419192618578,674994.9884230079,2.1389154490484372e-07,402.6870373058499,88950.41678360027,4.553742696020741,6.070660536536206e-05,7.370051140290921e-05,3.97688025209486,1.0,0.0,0.10675634263963485,1.0,0.0,5.4468342872972386e-05,3.97688025209486,0.029015829380882794,IMG_20241029_134446_jpg.rf.10dd7f0ec5296c26da77e3be499ab482.jpg,Mango
204.393712,60.82330065740477,204.393712,3699.473902861056,-1.144283619227337,-0.2758936635581173,6.343626002514242,0.037497615872000005,204.393712,87.6764,0.029123950468527043,280.3722681892227,0.5448405676261444,6.314561801228024,734214.5206349725,4.4416338622229827e-07,408.5217173916549,90893.3005757971,4.395048808661006,7.621912923090454e-05,0.00013073366323554175,3.751373875902488,1.0,0.0,0.16536830051128207,1.0,0.0,0.0001131951485008945,3.751373875902488,0.014547677976486172,IMG_20241029_134452_jpg.rf.7e8553003db2f91b3a988777529b30b2.jpg,Mango
186.704448,59.999263537274324,186.704448,3599.911625015296,-1.3601628777253434,0.18036379977592087,6.431683883073724,0.018323264000000002,186.704448,118.075712,0.005589542115293487,84.784035741359,0.5884644890062412,6.253413098393612,629421.3971065404,8.505681344956949e-08,372.9364848954049,76781.49344365412,4.463551152297277,3.8427163803935615e-05,5.572309395825273e-05,3.9982741145124305,1.0,0.0,0.022289963065111853,1.0,0.0,2.1556875907315366e-05,3.9982741145124305,0.025849582014252675,IMG_20241029_134509_jpg.rf.2655c65ad6b8a15dd5e5304f4c128c6f.jpg,Mango
169.76168,53.790927892885435,169.76168,2893.4639235776003,-1.3571961518321323,0.3068912805769246,6.528131549406812,0.016349486591999998,169.76168,120.53544,0.006745415858919895,107.45802487056662,0.624592880602245,6.233401595579631,650485.2552870077,1.0269404708644708e-07,339.33747842776734,63375.684601861285,4.528425544483987,4.3969460374757066e-05,4.8149633709591004e-05,3.9918703246967726,1.0,0.0,0.02978984209932098,1.0,0.0,2.610159154745236e-05,3.9918703246967726,0.025051556738318728,IMG_20241029_134518_jpg.rf.679ac0f83599640fee882cf4bd3ca711.jpg,Mango
162.176192,68.39288241022699,162.176192,4677.586364379136,-0.8432742565239507,-1.020844364152502,6.950892052499297,0.010748763647999999,162.176192,119.18976,0.002339464855363806,864.6871018209384,0.44274657468831924,7.3183812273353706,366036.92835345276,3.546457010347451e-08,324.00549991129174,61887.67018273899,4.8122423233696185,0.00015601441794096566,2.6972035776011756e-05,4.605522050841599,1.0,0.0,0.011467556974887503,1.0,0.0,8.973570431739432e-06,4.605522050841599,0.016024727634153146,IMG_20241029_132953_jpg.rf.93afb30f17f4560f454b7f4a304dfb80.jpg,Neem
138.560144,66.31899286553788,138.560144,4398.208814699264,-0.6755375980186487,-1.1125387500247874,7.21774983842197,0.007849089024,138.560144,110.531344,0.001193698486002611,510.83287366332803,0.41533289443667637,7.646491822486765,284180.5077188638,1.7981562758485583e-08,276.5151368526314,47046.83358332927,5.001653681143828,0.00012637002224195478,1.5486876871534476e-05,4.947537511885591,1.0,0.0,0.008548249221786746,1.0,0.0,4.542784453392878e-06,4.947537511885591,0.009551232356112369,IMG_20241029_133002_jpg.rf.3a9968c597e2e8088ba245ba92261133.jpg,Neem
156.665024,66.478071324907,156.665024,4419.333967079424,-0.8771929532938917,-0.9964183079691193,6.778358405981186,0.012234518528,156.665024,121.550048,0.002704171092632764,806.2668182771245,0.45274550950038656,7.170563694019136,361248.499542296,4.1029545647739616e-08,312.96929081789006,57859.687053434645,4.6930137394464975,0.00014891870325491223,3.276364094580035e-05,4.449946044824952,1.0,-1.1102230246251565e-16,0.013112691730778536,0.9999999999999999,0.0,1.037558071337681e-05,4.449946044824952,0.018047590195966818,IMG_20241029_133018_jpg.rf.f1a6e6ecd853d8ec8aa755e57124bbcb.jpg,Neem
154.295808,65.52442342842198,154.295808,4293.450065627136,-1.0565031050191023,-0.6109699078592592,6.703892844797135,0.013001713664,154.295808,114.382368,0.0032030795564339026,623.6671989161465,0.49425325232059514,7.029532326393061,360394.7697287952,4.864228465837712e-08,308.0322575442331,56069.045918614196,4.645151135077743,0.00012828201611667553,3.565386785370181e-05,4.542534153850788,1.0,0.0,0.014548152449154046,1.0,0.0,1.2313151951241019e-05,4.542534153850788,0.018267249425227432,IMG_20241029_133050_jpg.rf.2dcbe955aeac9b285b9f80885151b2ae.jpg,Neem
172.718416,46.01090121320103,172.718416,2117.003030450944,-1.2976149290372134,0.24195560189380894,6.637198554155164,0.013077572096,172.718416,117.520048,0.0029278090397375817,477.6884727665683,0.4888794996176515,6.88401153880272,917209.8068207126,4.444198990898257e-08,345.3830583377687,63906.43413815904,4.596253968129519,0.00010224331256060891,3.610735015215173e-05,4.369757578800156,1.0,-1.1102230246251565e-16,0.012064321543200916,0.9999999999999999,0.0,1.1236105080167694e-05,4.369757578800156,0.01812267601431219,IMG_20241029_133128_jpg.rf.02d44877d19ae7d6339f629df702a8cd.jpg,Neem
168.24632,46.431600429638436,168.24632,2155.8935184576003,-1.2683943989606883,0.12910374527984558,6.614792467119609,0.013159165952000002,168.24632,114.028304,0.0026816442438689168,481.0778213254624,0.4715347339690309,6.9098299879841125,860914.9418340935,4.068581321420924e-08,336.65060240963857,60980.64227996323,4.57291780366417,0.00010498911197626852,3.657876363270766e-05,4.44722275892345,1.0,0.0,0.010032096256511991,1.0,0.0,1.02726823873973e-05,4.44722275892345,0.017735412900557426,IMG_20241029_133143_jpg.rf.cfc4a6969436b5737ee915979cbbe22a.jpg,Neem
157.387824,53.08332838608582,157.387824,2817.8397525450246,-1.0699087506910923,-0.21656879571098475,6.987014915022531,0.009786707456,157.387824,110.35768,0.0017952076983481263,318.7543265431203,0.45190599444884416,7.2793066524160075,572212.7520161596,2.7159864948816317e-08,314.4292350123385,55094.514459444195,4.840661501505231,9.221352772724936e-05,2.3122144114439424e-05,4.747678050874191,1.0,0.0,0.010290156610377252,1.0,0.0,6.862604551449948e-06,4.747678050874191,0.013523609835754529,IMG_20241029_133243_jpg.rf.aaf9d4b08f7c2a9573357f72e7902b32.jpg,Neem
166.70864,48.83210228272381,166.70864,2384.5742133504,-1.1719668053539387,-0.17285543422916838,6.644017662551587,0.012633548287999999,166.70864,114.723616,0.0025648129450130085,523.3341397719391,0.4663678849338543,6.95906612674391,758334.2821965306,3.8903109069069044e-08,333.29475331043045,60342.75547168593,4.600424831250404,0.00010924378440594708,3.438514374094392e-05,4.402533443240866,1.0,0.0,0.010403058015193303,1.0,0.0,9.82487895394361e-06,4.402533443240866,0.01736833953004497,IMG_20241029_133259_jpg.rf.2076057d255129d6462448c2307d4961.jpg,Neem
229.914672,40.64080903639119,229.914672,1651.675359132416,-2.813546224144863,7.276181444942766,5.494523797840725,0.057051031552,229.914672,77.771408,0.04102776001996091,132.83088982435766,0.6308072613693826,5.332525538940167,2083304.572224244,6.258011052078004e-07,459.87526007645045,109069.05188625997,3.7978690332245586,4.110553030394671e-05,0.00021055289470613971,3.6107394751587383,1.0,0.0,0.19365816680376122,1.0,0.0,0.00015938261068825112,3.6107394751587383,0.028948688504093656,IMG_20241029_133352_jpg.rf.a565ffbd9857e51926a6cc2fb9ce952e.jpg,Neem
180.048464,37.429175829033476,180.048464,1400.943203240704,-1.739234824361043,2.511993513623559,6.37645736714804,0.015594681344000001,180.048464,118.982672,0.005685691459046147,67.35015564265093,0.6576596160758104,5.948136415413345,1510454.2026611646,8.652393600438913e-08,359.9153400751601,67579.83027693102,4.414515951120158,2.9101733001912268e-05,4.6073870236450125e-05,4.668968240083178,1.0,0.0,0.02038676795535556,1.0,0.0,2.1970151561512487e-05,4.668968240083178,0.0262180140984223,IMG_20241029_133424_jpg.rf.99669cca41ef44fedf7093b9655c364a.jpg,Neem
175.96848,36.34668400954343,175.96848,1321.0814384896003,-1.8191111632378465,2.827560274614898,6.4297902684786585,0.015804973568,175.96848,108.978752,0.00376349175943245,138.28635022015771,0.5464032420969759,6.304908643280577,1529949.9428199066,5.7193496251982886e-08,352.04993467847294,64624.08996629087,4.449296283500003,4.205254438940501e-05,4.691385964279082e-05,4.2802621612876806,1.0,0.0,0.012386896985532492,1.0,0.0,1.4458277776277968e-05,4.2802621612876806,0.022189915858848826,IMG_20241029_133432_jpg.rf.6e3f18d6cd4bb4a77f488c04aaf6885d.jpg,Neem
241.684352,35.32687926126643,241.684352,1247.9883983400962,-3.2715497190557064,9.641116605131463,3.266094516757901,0.368413710848,241.684352,31.687904,0.35297100682679045,170.78818083579296,0.8001831268726544,3.0927540182247566,3045996.225810085,5.385677307704589e-06,483.35510717569065,119329.43533168812,2.247606526295745,3.91076455987101e-05,0.0014358174759604731,2.196151834944829,1.0,-1.1102230246251565e-16,0.592296898437122,0.9999999999999999,0.0,0.0013731247287569043,2.196151834944829,0.03650287044220456,IMG_20241029_133504_jpg.rf.5da11e22d4025e503ce70f62d5365de3.jpg,Neem
195.091984,45.182174570772304,195.091984,2041.4288989437437,-2.5979061277020707,5.816231730510742,6.19522329438706,0.017127518720000002,195.091984,114.68104,0.00473225083146843,140.55047499233885,0.6032027304224556,6.022721394479664,1213640.5823743667,7.197558658456315e-08,389.96141997709714,80140.84837341332,4.290899279906705,4.0701917232181737e-05,5.191592578191586e-05,4.386608155211163,1.0,0.0,0.012209480492250124,1.0,0.0,1.8222953580562555e-05,4.386608155211163,0.020020375233397728,IMG_20241029_133521_jpg.rf.c89b001971c67e34c630cd5fb5327607.jpg,Neem
176.839248,49.528406382544716,176.839248,2453.063038794496,-1.3816256348145584,0.5993331306542862,6.650548121666914,0.013561439743999999,176.839248,122.897104,0.004246652552246844,85.19209367590845,0.5802829565232651,6.412845183394044,830089.2243996545,6.456594487280798e-08,353.3734778471315,67365.84872824632,4.61189719992173,3.9027661300951795e-05,3.75376642330892e-05,3.675515765414878,1.0,0.0,0.019935162336091352,1.0,0.0,1.638225038652834e-05,3.675515765414878,0.025100237430746793,IMG_20241029_171853_jpg.rf.f64fd376cc2104a1b34d007251edf34e.jpg,unknown
172.85768,49.90298829747173,172.85768,2490.3082410176003,-1.1951516693941984,-0.07355891729528352,6.666276177206113,0.01283969536,172.85768,117.526416,0.004089552521175292,72.02277382622862,0.5767306570390451,6.478382925127276,780822.2228135978,6.216878863697497e-08,345.28852760439344,64615.49087917934,4.62299508856953,3.932864836605458e-05,3.4744564053514634e-05,3.8249295824548493,1.0,2.2204460492503128e-16,0.017677134239770326,1.0000000000000002,0.0,1.5779488937731552e-05,3.8249295824548493,0.020471439174049137,IMG_20241029_171857_jpg.rf.2fb99fcb28f6c9f84fba3bfb71954123.jpg,unknown
174.9,50.4314516150388,174.9,2543.331312,-1.3073978017320442,0.10388396577133374,6.384253957628027,0.016889971200000003,174.9,112.515712,0.005406942906782678,130.78818083579296,0.5650086083364715,6.360659633838675,782346.7392203949,8.227057064392362e-08,349.38984855082987,66149.59620006132,4.425880205042586,5.246379279668876e-05,5.070798437282186e-05,3.8958516278115725,1.0,0.0,0.025225399590329187,1.0,0.0,2.0863188020888115e-05,3.8958516278115725,0.023384607000233797,IMG_20241029_171902_jpg.rf.04c195fd86cda982ccd9740e7c347c6f.jpg,unknown
181.437632,45.19473772722413,181.437632,2042.5643182325762,-1.7570478731424204,1.9096633277485644,6.512069926985585,0.016334293504,181.437632,117.801536,0.0042158913177057005,148.18254544281544,0.5239547972546291,6.49314971836864,1049000.9499234748,6.40965656836426e-08,362.8343736391349,69936.75579426144,4.5146799237108945,5.906680420855107e-05,4.865273313146108e-05,3.8398889245175107,1.0,0.0,0.01630618860986113,1.0,0.0,1.6218671076217734e-05,3.8398889245175107,0.02506693376578899,IMG_20241029_171911_jpg.rf.61aaedfaa9cd06fba230456e3e1fee84.jpg,unknown
174.83112,48.871621945108394,174.83112,2388.4354315456003,-1.4848410385981095,0.908238910642106,6.611190331326799,0.015855373312,174.83112,118.587632,0.0038935239852061166,179.44842825115722,0.4911657814204772,6.687036050963893,833382.8443206375,5.9177630556390615e-08,349.5683618006162,65903.76939081632,4.584692117940767,6.792315786741343e-05,4.6664205072659794e-05,3.782366756413372,1.0,-1.1102230246251565e-16,0.01577393913001403,0.9999999999999999,0.0,1.4967191371370923e-05,3.782366756413372,0.024604487290956118,IMG_20241029_171916_jpg.rf.5f11bbb2031225fe8c8d62e8de21c1d3.jpg,unknown
150.170288,60.3605668130863,150.170288,3643.3980259970554,-0.5321441466297664,-1.3164332676692085,7.10312250846448,0.009575240704,150.170288,113.069584,0.002005810686126199,350.23888324381863,0.38717561968708797,7.604442940930521,402236.7631003071,3.03734115152542e-08,299.72705278947114,52236.62184480897,4.926619665411624,0.00012945864666308305,2.198997175569973e-05,4.314746030247041,1.0,0.0,0.00966113449783068,1.0,0.0,7.689695020734372e-06,4.314746030247041,0.01654752184686045,IMG_20241029_171923_jpg.rf.01da718dff444580b6ebec9dbf6f9a96.jpg,unknown
180.540896,35.57827797290341,180.540896,1265.8138635171838,-1.6487916051229548,1.6378866573922206,6.32302361574571,0.016457682943999997,180.540896,115.94528,0.003906489227739144,63.31368848889533,0.5268961759695262,6.31267510046301,1679625.0977701466,5.937546445734626e-08,361.1652715278786,67764.9612425606,4.382438431823714,3.489973322002871e-05,4.9163329791321534e-05,3.7692253148729984,1.0,0.0,0.014580409993387203,1.0,0.0,1.5008074644083292e-05,3.7692253148729984,0.02351298989044704,IMG_20241029_171939_jpg.rf.5654da429a2c093cd345205f07c9b85a.jpg,unknown
165.183584,46.477786790196284,165.183584,2160.1846649149443,-0.677745649252847,-1.066948809923787,6.825254725495217,0.010800205311999999,165.183584,112.759936,0.0021537060193287977,165.09654682988983,0.43072413228723005,7.0917431455633775,821606.4787814262,3.2630115207920796e-08,330.06404735407494,58816.071111756275,4.732720720793916,6.893391328554681e-05,2.685346194751886e-05,4.067319625523371,1.0,0.0,0.011177239076789084,1.0,0.0,8.248413157495229e-06,4.067319625523371,0.015620547773396892,IMG_20241029_171947_jpg.rf.6926a18ef90dd01fe36a331abb820ebe.jpg,unknown
173.958,42.21174106809621,173.958,1781.831084,-1.0024369751867348,-0.5136324662006415,6.497163151447987,0.015435077632,173.958,106.942416,0.005178346742930679,97.7907453105595,0.5547813885087842,6.524238787905787,1105543.071231258,7.878246999920928e-08,347.52158836147805,63965.27172142385,4.505048401484079,5.332516215716279e-05,4.489217017648372e-05,4.133280214557019,1.0,0.0,0.0214190093708166,1.0,0.0,1.9992952280045686e-05,4.133280214557019,0.024209358238952008,IMG_20241029_172005_jpg.rf.50729fb1c2adee61dff109f634be8873.jpg,unknown
172.105472,53.09335879050426,172.105472,2818.904747657216,-1.1833365879838045,-0.18265398392280208,6.561858449206755,0.014994560512000002,172.105472,117.74416,0.005061800034270019,95.24617344881533,0.5881195838671587,6.407806806867111,683440.6829411204,7.700410835582761e-08,343.7433912356252,64745.02188674374,4.550310816462323,4.4870944936876016e-05,4.314158441279622e-05,3.9325994826536492,1.0,0.0,0.0206609570813374,1.0,0.0,1.954452992497938e-05,3.9325994826536492,0.023769154511610928,IMG_20241029_172016_jpg.rf.6ff1ebbb238d6c7efc2357bdefda7d88.jpg,unknown
151.944384,57.02890869428017,151.944384,3252.296426860544,-0.8707484485516103,-0.6772313094914195,7.15045691687271,0.008466771456,151.944384,116.38656,0.0018593372633506783,89.02490282414799,0.5009472521719938,7.094698286564727,462000.3477292041,2.8138404453860142e-08,303.328865663457,52530.114111062714,4.958819992679537,4.676374258013479e-05,1.7681921421425412e-05,3.887215460818698,1.0,0.0,0.007757939388074386,1.0,0.0,7.134361534635753e-06,3.887215460818698,0.012113815783700459,IMG_20241029_172024_jpg.rf.533736aacd280bded30ea7d69fb0b5d5.jpg,unknown
172.917392,52.505625526397985,172.917392,2756.8407119183357,-1.131467391971533,-0.3425620287684903,6.522317569595504,0.016500058111999998,172.917392,113.811984,0.005089547318169354,145.13270753697523,0.529815102911569,6.584411001877711,705464.1258969468,7.74274983079049e-08,345.3139949355655,65159.530668860156,4.522931446194104,6.315880088186581e-05,4.9199714462436114e-05,4.02735957090491,1.0,0.0,0.019015822325446363,1.0,0.0,1.9629253182204763e-05,4.02735957090491,0.026214840711180805,IMG_20241029_172030_jpg.rf.b055e36614d9ab9242431194ae5546f3.jpg,unknown
153.117568,49.74922264483513,153.117568,2474.9851537653763,-0.5183571815021575,-1.215261424404542,7.011042871456695,0.009988476928,153.117568,110.534016,0.0026409468053993717,139.6605054757181,0.4441916634546158,7.344392487819562,617184.1555951543,4.006481958521837e-08,305.6028289866293,51655.0406767633,4.8615652374011455,7.594693651299474e-05,2.3632395279461608e-05,4.671954557330705,1.0,0.0,0.013161078047128271,1.0,0.0,1.0164279769755507e-05,4.671954557330705,0.018671033484886405,IMG_20241029_172047_jpg.rf.75840badd5b92c74ee38ea9219c76081.jpg,unknown
178.36048,41.744647443350146,178.36048,1742.6155901695997,-1.3208129123868158,0.4659986545890473,6.548174795231263,0.015212708352,178.36048,108.909888,0.004984675050808799,101.91150142739635,0.5587780750150808,6.515108005759982,1188146.0968076512,7.582727450174408e-08,356.3598812922373,66998.52013677204,4.539702468110334,5.275985775116026e-05,4.4211069781616406e-05,4.401204968210833,1.0,0.0,0.017419073885905065,1.0,0.0,1.923908278111204e-05,4.401204968210833,0.024690564144450734,IMG_20241029_172054_jpg.rf.6d609209d7b68e6ed7abf102ac7d2afe.jpg,unknown
233.783344,34.71689876958574,233.783344,1205.2630601776639,-2.2394198751750336,4.522556907725999,5.047964483046879,0.11664793241600002,233.783344,59.816176,0.10188221787281519,172.71671424654443,0.6459233427467092,4.981000665975411,2951676.695844302,1.5543664410973004e-06,467.5461524814116,111726.4814277189,3.4917828106461273,5.875400407793322e-05,0.0004424563810610534,3.2432123959577592,1.0,0.0,0.3134304285414751,1.0,0.0,0.00039618946368238917,3.2432123959577592,0.04364801697437463,IMG_20241029_172100_jpg.rf.a175bdcd6caf02a1149febac499904fe.jpg,unknown
164.838592,50.06775532673236,164.838592,2506.7801234575363,-0.6134903503981258,-1.0375418617952774,7.014051258785262,0.010762724864000001,164.838592,115.161824,0.0027370097835717555,156.29073724617342,0.4612406859332722,7.053957553803617,706709.9755997099,4.1530624305866326e-08,329.4949758874857,59317.419525491525,4.863061072803847,6.041004819982742e-05,2.6809616620220325e-05,3.9738806593189406,1.0,0.0,0.014661053853970098,1.0,0.0,1.0527114757379046e-05,3.9738806593189406,0.01817896781909144,IMG_20241029_172116_jpg.rf.6b7a88764eac973c1e24e12549d20c2a.jpg,unknown
